airline_name,date,month,day,year,flight_number,destination_airport,scheduled_hour,scheduled_departure_time,scheduled_elapsed_time_minutes
American Airlines,2021-11-01,11,1,2021,0595,MIA,11,11:10,181
American Airlines,2021-11-01,11,1,2021,1176,DCA,08,08:30,88
American Airlines,2021-11-01,11,1,2021,1487,PHX,07,07:35,339
American Airlines,2021-11-01,11,1,2021,1610,MIA,08,08:00,191
American Airlines,2021-11-01,11,1,2021,2291,CLT,19,19:30,142
American Airlines,2021-11-01,11,1,2021,2338,CLT,13,13:00,127
American Airlines,2021-11-01,11,1,2021,2643,CLT,06,06:30,121
American Airlines,2021-11-01,11,1,2021,2819,ORD,08,08:20,170
Alaska Airlines,2021-11-01,11,1,2021,0007,SEA,07,07:30,383
American Airlines,2021-11-02,11,2,2021,1444,CLT,07,07:59,141
American Airlines,2021-11-02,11,2,2021,2643,CLT,06,06:00,132
JetBlue Airways,2021-11-06,11,6,2021,2516,SYR,21,21:40,74
Delta Air Lines,2021-11-06,11,6,2021,0522,SEA,07,07:35,365
American Airlines,2021-11-07,11,7,2021,2643,CLT,06,06:00,132
American Airlines,2021-11-08,11,8,2021,1875,FLL,06,06:50,187
American Airlines,2021-11-08,11,8,2021,2643,CLT,06,06:00,132
American Airlines,2021-11-10,11,10,2021,0595,MIA,11,11:05,190
American Airlines,2021-11-10,11,10,2021,2305,SFO,17,17:00,399
American Airlines,2021-11-10,11,10,2021,2369,PHX,06,06:30,354
American Airlines,2021-11-10,11,10,2021,2772,AUS,17,17:29,260
Alaska Airlines,2021-11-10,11,10,2021,0221,SEA,16,16:55,394
Delta Air Lines,2021-11-10,11,10,2021,1036,DFW,18,18:59,247
American Airlines,2021-11-11,11,11,2021,2836,LAS,20,20:30,356
Endeavor Air,2021-11-12,11,12,2021,5078,RDU,08,08:20,108
JetBlue Airways,2021-11-12,11,12,2021,0285,RDU,08,08:45,101
Republic Airways,2021-11-12,11,12,2021,4712,RIC,09,09:30,90
American Airlines,2021-11-13,11,13,2021,0488,CLT,14,14:59,140
American Airlines,2021-11-13,11,13,2021,0495,CLT,09,09:45,133
Republic Airways,2021-11-13,11,13,2021,4528,ORF,17,17:25,85
Republic Airways,2021-11-13,11,13,2021,4537,RIC,15,15:59,90
Republic Airways,2021-11-13,11,13,2021,4672,PHL,15,15:40,69
American Airlines,2021-11-15,11,15,2021,1228,MIA,09,09:55,195
JetBlue Airways,2021-11-15,11,15,2021,0089,SAN,17,17:00,370
American Airlines,2021-11-16,11,16,2021,1233,STT,09,09:25,235
Alaska Airlines,2021-11-16,11,16,2021,0007,SEA,07,07:30,380
American Airlines,2021-11-17,11,17,2021,2643,CLT,06,06:00,132
American Airlines,2021-11-17,11,17,2021,2813,AUS,07,07:59,263
Alaska Airlines,2021-11-18,11,18,2021,0007,SEA,07,07:30,380
Alaska Airlines,2021-11-18,11,18,2021,0342,SAN,16,16:50,365
JetBlue Airways,2021-11-18,11,18,2021,0669,SJC,18,18:30,393
JetBlue Airways,2021-11-21,11,21,2021,1701,FLL,21,21:50,181
American Airlines,2021-11-22,11,22,2021,1479,MIA,14,14:49,196
American Airlines,2021-11-25,11,25,2021,0495,CLT,09,09:45,133
American Airlines,2021-11-25,11,25,2021,2813,AUS,07,07:59,263
American Airlines,2021-11-25,11,25,2021,2819,ORD,07,07:40,173
American Airlines,2021-11-26,11,26,2021,2369,PHX,06,06:30,354
American Airlines,2021-11-26,11,26,2021,2813,AUS,07,07:59,263
American Airlines,2021-11-28,11,28,2021,0495,CLT,09,09:45,133
American Airlines,2021-11-29,11,29,2021,0076,SFO,07,07:00,398
American Airlines,2021-11-29,11,29,2021,0495,CLT,09,09:45,133
Alaska Airlines,2021-11-29,11,29,2021,0216,SEA,09,09:30,380
United Air Lines,2021-11-30,11,30,2021,0515,LAX,08,08:25,397
American Airlines,2021-12-01,12,1,2021,0429,SNA,16,16:29,383
American Airlines,2021-12-01,12,1,2021,2643,CLT,06,06:30,132
JetBlue Airways,2021-12-07,12,7,2021,0575,MSY,14,14:29,209
Delta Air Lines,2021-12-07,12,7,2021,1377,MSY,08,08:10,217
Delta Air Lines,2021-12-07,12,7,2021,1542,MSY,15,15:30,220
JetBlue Airways,2021-12-08,12,8,2021,0629,RSW,21,21:30,187
Republic Airways,2021-12-08,12,8,2021,5740,JAX,18,18:55,165
American Airlines,2021-12-09,12,9,2021,0302,LAX,17,17:29,391
JetBlue Airways,2021-12-09,12,9,2021,0459,BUR,08,08:59,380
Endeavor Air,2021-12-10,12,10,2021,4635,MSP,15,15:05,195
Endeavor Air,2021-12-10,12,10,2021,5124,MSP,19,19:40,197
JetBlue Airways,2021-12-10,12,10,2021,0329,RSW,06,06:20,188
JetBlue Airways,2021-12-10,12,10,2021,0617,MSP,19,19:29,193
Endeavor Air,2021-12-11,12,11,2021,4865,ROC,15,15:10,98
JetBlue Airways,2021-12-11,12,11,2021,0102,BUF,21,21:35,87
JetBlue Airways,2021-12-11,12,11,2021,0702,BUF,13,13:30,83
JetBlue Airways,2021-12-11,12,11,2021,2902,BUF,22,22:30,86
JetBlue Airways,2021-12-13,12,13,2021,0359,BUR,16,16:30,381
JetBlue Airways,2021-12-13,12,13,2021,0583,MCO,08,08:00,176
JetBlue Airways,2021-12-13,12,13,2021,0669,SJC,18,18:30,393
JetBlue Airways,2021-12-14,12,14,2021,0459,BUR,08,08:59,380
Endeavor Air,2021-12-15,12,15,2021,5422,ORD,19,19:30,179
JetBlue Airways,2021-12-15,12,15,2021,0669,SJC,18,18:30,393
Alaska Airlines,2021-12-16,12,16,2021,0393,SAN,16,16:35,363
Alaska Airlines,2021-12-16,12,16,2021,0657,SFO,18,18:35,418
American Airlines,2021-12-18,12,18,2021,2643,CLT,06,06:00,128
Delta Air Lines,2021-12-18,12,18,2021,1005,DFW,08,08:40,254
Republic Airways,2021-12-18,12,18,2021,5609,CMH,10,10:20,108
Delta Air Lines,2021-12-20,12,20,2021,0311,SFO,16,16:48,411
JetBlue Airways,2021-12-21,12,21,2021,0161,SMF,18,18:51,400
JetBlue Airways,2021-12-21,12,21,2021,0677,JAX,08,08:00,163
JetBlue Airways,2021-12-22,12,22,2021,0081,RNO,19,19:05,380
JetBlue Airways,2021-12-22,12,22,2021,0839,BQN,23,23:59,219
American Airlines,2021-12-23,12,23,2021,0429,SNA,16,16:20,383
Alaska Airlines,2021-12-23,12,23,2021,0769,SFO,13,13:00,408
JetBlue Airways,2021-12-23,12,23,2021,0081,RNO,19,19:05,380
JetBlue Airways,2021-12-23,12,23,2021,0161,SMF,18,18:51,400
JetBlue Airways,2021-12-23,12,23,2021,0355,ONT,17,17:59,382
JetBlue Airways,2021-12-23,12,23,2021,0359,BUR,15,15:50,397
JetBlue Airways,2021-12-23,12,23,2021,0669,SJC,09,09:12,409
JetBlue Airways,2021-12-23,12,23,2021,0776,ORH,10,10:34,55
American Airlines,2021-12-24,12,24,2021,0495,CLT,09,09:29,130
American Airlines,2021-12-24,12,24,2021,1553,EGE,11,11:00,292
JetBlue Airways,2021-12-24,12,24,2021,0125,TPA,16,16:50,190
JetBlue Airways,2021-12-24,12,24,2021,0161,SMF,18,18:51,400
JetBlue Airways,2021-12-24,12,24,2021,0439,BQN,05,05:35,225
JetBlue Airways,2021-12-24,12,24,2021,0553,PBI,20,20:00,189
JetBlue Airways,2021-12-24,12,24,2021,0676,ORH,22,22:30,58
JetBlue Airways,2021-12-24,12,24,2021,0839,BQN,23,23:59,219
JetBlue Airways,2021-12-24,12,24,2021,1701,FLL,21,21:50,187
JetBlue Airways,2021-12-24,12,24,2021,2029,RSW,09,09:45,201
Delta Air Lines,2021-12-24,12,24,2021,0350,SAN,08,08:30,386
Delta Air Lines,2021-12-24,12,24,2021,0351,LAX,10,10:30,380
Delta Air Lines,2021-12-24,12,24,2021,0354,SLC,07,07:00,327
Delta Air Lines,2021-12-24,12,24,2021,0359,SLC,16,16:38,330
Delta Air Lines,2021-12-24,12,24,2021,0384,SLC,11,11:00,323
Delta Air Lines,2021-12-24,12,24,2021,0442,SFO,11,11:00,404
Delta Air Lines,2021-12-24,12,24,2021,0795,PHX,07,07:00,347
Delta Air Lines,2021-12-24,12,24,2021,1272,FLL,07,07:10,192
Delta Air Lines,2021-12-24,12,24,2021,1660,MCO,15,15:27,188
American Airlines,2021-12-25,12,25,2021,0688,MIA,13,13:30,188
American Airlines,2021-12-25,12,25,2021,1553,EGE,11,11:00,292
American Airlines,2021-12-25,12,25,2021,1610,MIA,07,07:59,194
American Airlines,2021-12-25,12,25,2021,2643,CLT,06,06:00,128
Alaska Airlines,2021-12-25,12,25,2021,0769,SFO,13,13:00,408
JetBlue Airways,2021-12-25,12,25,2021,0201,FLL,08,08:55,198
JetBlue Airways,2021-12-25,12,25,2021,0355,ONT,18,18:30,390
JetBlue Airways,2021-12-25,12,25,2021,0359,BUR,15,15:50,397
JetBlue Airways,2021-12-25,12,25,2021,0425,TPA,07,07:53,191
JetBlue Airways,2021-12-25,12,25,2021,0453,PBI,09,09:20,186
JetBlue Airways,2021-12-25,12,25,2021,0518,BOS,06,06:59,69
JetBlue Airways,2021-12-25,12,25,2021,0669,SJC,09,09:12,409
JetBlue Airways,2021-12-25,12,25,2021,0723,LAX,08,08:00,391
JetBlue Airways,2021-12-25,12,25,2021,0753,PBI,21,21:57,177
JetBlue Airways,2021-12-25,12,25,2021,0803,SJU,13,13:45,235
JetBlue Airways,2021-12-25,12,25,2021,1083,MCO,09,09:30,188
JetBlue Airways,2021-12-25,12,25,2021,1201,FLL,14,14:30,196
JetBlue Airways,2021-12-25,12,25,2021,1483,MCO,13,13:00,178
JetBlue Airways,2021-12-25,12,25,2021,2193,MIA,18,18:30,200
Delta Air Lines,2021-12-25,12,25,2021,0350,SAN,08,08:30,386
Delta Air Lines,2021-12-25,12,25,2021,0351,LAX,10,10:30,380
Delta Air Lines,2021-12-25,12,25,2021,0424,ATL,06,06:10,157
Delta Air Lines,2021-12-25,12,25,2021,0442,SFO,11,11:00,404
Delta Air Lines,2021-12-25,12,25,2021,0452,SEA,16,16:45,379
Delta Air Lines,2021-12-25,12,25,2021,0522,SEA,07,07:10,390
Delta Air Lines,2021-12-25,12,25,2021,0543,LAX,08,08:40,384
Delta Air Lines,2021-12-25,12,25,2021,0795,PHX,07,07:00,347
Delta Air Lines,2021-12-25,12,25,2021,1406,TPA,14,14:59,187
United Air Lines,2021-12-25,12,25,2021,0517,LAX,18,18:30,390
United Air Lines,2021-12-25,12,25,2021,0521,SFO,08,08:00,392
American Airlines,2021-12-26,12,26,2021,0493,CLT,12,12:00,125
American Airlines,2021-12-26,12,26,2021,1444,CLT,08,08:05,146
American Airlines,2021-12-26,12,26,2021,1553,EGE,11,11:00,292
American Airlines,2021-12-26,12,26,2021,2369,PHX,06,06:30,360
American Airlines,2021-12-26,12,26,2021,2813,AUS,08,08:00,261
Alaska Airlines,2021-12-26,12,26,2021,0007,SEA,07,07:30,389
Alaska Airlines,2021-12-26,12,26,2021,0657,SFO,18,18:35,418
Alaska Airlines,2021-12-26,12,26,2021,1063,SEA,11,11:30,385
JetBlue Airways,2021-12-26,12,26,2021,0001,FLL,05,05:43,187
JetBlue Airways,2021-12-26,12,26,2021,0015,SFO,08,08:00,413
JetBlue Airways,2021-12-26,12,26,2021,0053,PBI,08,08:01,190
JetBlue Airways,2021-12-26,12,26,2021,0081,RNO,19,19:05,380
JetBlue Airways,2021-12-26,12,26,2021,0105,ORD,20,20:30,171
JetBlue Airways,2021-12-26,12,26,2021,0161,SMF,18,18:51,400
JetBlue Airways,2021-12-26,12,26,2021,0225,TPA,06,06:00,182
JetBlue Airways,2021-12-26,12,26,2021,0263,SEA,16,16:35,388
JetBlue Airways,2021-12-26,12,26,2021,0355,ONT,17,17:59,382
JetBlue Airways,2021-12-26,12,26,2021,0383,MCO,14,14:16,182
JetBlue Airways,2021-12-26,12,26,2021,0425,TPA,07,07:53,191
JetBlue Airways,2021-12-26,12,26,2021,0523,LAX,11,11:00,385
JetBlue Airways,2021-12-26,12,26,2021,0601,FLL,06,06:30,187
JetBlue Airways,2021-12-26,12,26,2021,0669,SJC,09,09:12,409
JetBlue Airways,2021-12-26,12,26,2021,0676,ORH,22,22:30,58
JetBlue Airways,2021-12-26,12,26,2021,1201,FLL,14,14:30,196
JetBlue Airways,2021-12-26,12,26,2021,1273,CHS,08,08:00,141
JetBlue Airways,2021-12-26,12,26,2021,1603,SJU,05,05:40,227
JetBlue Airways,2021-12-26,12,26,2021,2802,BUF,09,09:30,88
Delta Air Lines,2021-12-26,12,26,2021,0302,LAX,07,07:00,380
Delta Air Lines,2021-12-26,12,26,2021,0343,SFO,08,08:18,417
Delta Air Lines,2021-12-26,12,26,2021,0350,SAN,08,08:30,388
Delta Air Lines,2021-12-26,12,26,2021,0371,LAS,08,08:05,363
Delta Air Lines,2021-12-26,12,26,2021,0522,SEA,07,07:10,391
Delta Air Lines,2021-12-26,12,26,2021,0795,PHX,07,07:00,347
Delta Air Lines,2021-12-26,12,26,2021,2265,RSW,08,08:37,213
United Air Lines,2021-12-26,12,26,2021,0515,LAX,08,08:30,390
American Airlines,2021-12-27,12,27,2021,0493,CLT,12,12:00,125
American Airlines,2021-12-27,12,27,2021,1553,EGE,11,11:00,292
American Airlines,2021-12-27,12,27,2021,2369,PHX,06,06:30,360
Alaska Airlines,2021-12-27,12,27,2021,0007,SEA,07,07:30,389
Alaska Airlines,2021-12-27,12,27,2021,0479,PDX,07,07:30,388
Alaska Airlines,2021-12-27,12,27,2021,0627,SFO,09,09:00,405
JetBlue Airways,2021-12-27,12,27,2021,0081,RNO,19,19:05,380
JetBlue Airways,2021-12-27,12,27,2021,0102,BUF,21,21:35,94
JetBlue Airways,2021-12-27,12,27,2021,0163,SRQ,08,08:00,195
JetBlue Airways,2021-12-27,12,27,2021,0295,AUS,11,11:03,266
JetBlue Airways,2021-12-27,12,27,2021,0355,ONT,18,18:30,390
JetBlue Airways,2021-12-27,12,27,2021,0425,TPA,07,07:53,191
JetBlue Airways,2021-12-27,12,27,2021,0583,MCO,08,08:00,192
JetBlue Airways,2021-12-27,12,27,2021,0745,PSE,23,23:59,229
JetBlue Airways,2021-12-27,12,27,2021,0776,ORH,10,10:34,55
JetBlue Airways,2021-12-27,12,27,2021,0823,LAX,18,18:59,391
JetBlue Airways,2021-12-27,12,27,2021,0841,SAV,06,06:29,137
JetBlue Airways,2021-12-27,12,27,2021,1005,PDX,19,19:40,382
JetBlue Airways,2021-12-27,12,27,2021,1261,LAS,10,10:15,364
JetBlue Airways,2021-12-27,12,27,2021,1277,JAX,20,20:30,164
JetBlue Airways,2021-12-27,12,27,2021,1634,BTV,09,09:45,75
JetBlue Airways,2021-12-27,12,27,2021,2155,EYW,07,07:45,217
Delta Air Lines,2021-12-27,12,27,2021,0452,SEA,16,16:45,380
Delta Air Lines,2021-12-27,12,27,2021,0460,SEA,19,19:59,403
Delta Air Lines,2021-12-27,12,27,2021,0795,PHX,07,07:00,347
Delta Air Lines,2021-12-27,12,27,2021,1175,AUS,13,13:52,268
United Air Lines,2021-12-27,12,27,2021,0517,LAX,18,18:30,390
American Airlines,2021-12-28,12,28,2021,1875,FLL,07,07:00,185
American Airlines,2021-12-28,12,28,2021,2643,CLT,06,06:00,128
Alaska Airlines,2021-12-28,12,28,2021,0221,SEA,16,16:40,393
Alaska Airlines,2021-12-28,12,28,2021,0479,PDX,07,07:30,388
Alaska Airlines,2021-12-28,12,28,2021,0629,SFO,11,11:30,408
Alaska Airlines,2021-12-28,12,28,2021,0769,SFO,13,13:00,408
JetBlue Airways,2021-12-28,12,28,2021,0053,PBI,08,08:01,190
JetBlue Airways,2021-12-28,12,28,2021,0071,SLC,18,18:30,333
JetBlue Airways,2021-12-28,12,28,2021,0081,RNO,19,19:05,380
JetBlue Airways,2021-12-28,12,28,2021,0161,SMF,18,18:51,400
JetBlue Airways,2021-12-28,12,28,2021,0225,TPA,06,06:00,182
JetBlue Airways,2021-12-28,12,28,2021,0263,SEA,16,16:35,388
JetBlue Airways,2021-12-28,12,28,2021,0776,ORH,10,10:34,55
JetBlue Airways,2021-12-28,12,28,2021,0841,SAV,06,06:30,137
JetBlue Airways,2021-12-28,12,28,2021,1005,PDX,19,19:40,382
JetBlue Airways,2021-12-28,12,28,2021,1119,ATL,13,13:10,158
JetBlue Airways,2021-12-28,12,28,2021,1483,MCO,13,13:00,178
Delta Air Lines,2021-12-28,12,28,2021,0302,LAX,07,07:00,380
United Air Lines,2021-12-28,12,28,2021,0523,SFO,16,16:55,392
Alaska Airlines,2021-12-29,12,29,2021,0007,SEA,07,07:30,389
JetBlue Airways,2021-12-29,12,29,2021,0116,SYR,08,08:29,81
JetBlue Airways,2021-12-29,12,29,2021,0355,ONT,18,18:30,390
JetBlue Airways,2021-12-29,12,29,2021,0359,BUR,15,15:50,397
JetBlue Airways,2021-12-29,12,29,2021,0385,RDU,21,21:35,105
JetBlue Airways,2021-12-29,12,29,2021,0486,ROC,21,21:30,84
JetBlue Airways,2021-12-29,12,29,2021,0518,BOS,06,06:59,69
JetBlue Airways,2021-12-29,12,29,2021,0575,MSY,14,14:59,219
JetBlue Airways,2021-12-29,12,29,2021,0586,ROC,17,17:30,85
JetBlue Airways,2021-12-29,12,29,2021,0669,SJC,09,09:12,409
JetBlue Airways,2021-12-29,12,29,2021,0745,PSE,23,23:59,229
JetBlue Airways,2021-12-29,12,29,2021,0803,SJU,13,13:45,235
JetBlue Airways,2021-12-29,12,29,2021,0839,BQN,23,23:59,219
JetBlue Airways,2021-12-29,12,29,2021,1073,BNA,15,15:58,164
JetBlue Airways,2021-12-29,12,29,2021,1415,SFO,19,19:34,413
JetBlue Airways,2021-12-29,12,29,2021,1881,IAH,13,13:10,259
JetBlue Airways,2021-12-29,12,29,2021,2103,SJU,20,20:00,237
JetBlue Airways,2021-12-29,12,29,2021,2893,MIA,20,20:55,198
Delta Air Lines,2021-12-29,12,29,2021,0445,LAS,19,19:59,369
Delta Air Lines,2021-12-29,12,29,2021,0639,SJU,08,08:05,240
Delta Air Lines,2021-12-29,12,29,2021,2422,MCO,07,07:05,185
United Air Lines,2021-12-29,12,29,2021,0521,SFO,08,08:00,392
JetBlue Airways,2021-12-30,12,30,2021,0071,SLC,18,18:30,333
JetBlue Airways,2021-12-30,12,30,2021,0081,RNO,19,19:05,380
JetBlue Airways,2021-12-30,12,30,2021,0084,MCO,11,11:30,179
JetBlue Airways,2021-12-30,12,30,2021,0105,ORD,20,20:30,171
JetBlue Airways,2021-12-30,12,30,2021,0116,SYR,08,08:29,81
JetBlue Airways,2021-12-30,12,30,2021,0234,BTV,22,22:00,76
JetBlue Airways,2021-12-30,12,30,2021,0329,RSW,06,06:20,199
JetBlue Airways,2021-12-30,12,30,2021,0359,BUR,15,15:50,397
JetBlue Airways,2021-12-30,12,30,2021,0383,MCO,14,14:16,182
JetBlue Airways,2021-12-30,12,30,2021,0453,PBI,09,09:20,186
JetBlue Airways,2021-12-30,12,30,2021,0486,ROC,21,21:30,84
JetBlue Airways,2021-12-30,12,30,2021,0518,BOS,06,06:59,69
JetBlue Airways,2021-12-30,12,30,2021,0523,LAX,11,11:00,385
JetBlue Airways,2021-12-30,12,30,2021,0553,PBI,20,20:00,189
JetBlue Airways,2021-12-30,12,30,2021,0617,MSP,20,20:30,197
JetBlue Airways,2021-12-30,12,30,2021,0725,SAT,09,09:00,284
JetBlue Airways,2021-12-30,12,30,2021,0776,ORH,10,10:34,55
JetBlue Airways,2021-12-30,12,30,2021,0795,AUS,09,09:59,272
JetBlue Airways,2021-12-30,12,30,2021,0803,SJU,13,13:45,235
JetBlue Airways,2021-12-30,12,30,2021,0839,BQN,23,23:59,219
JetBlue Airways,2021-12-30,12,30,2021,0841,SAV,06,06:30,137
JetBlue Airways,2021-12-30,12,30,2021,0915,SFO,16,16:44,411
JetBlue Airways,2021-12-30,12,30,2021,0919,ATL,21,21:00,161
JetBlue Airways,2021-12-30,12,30,2021,1019,DTW,18,18:30,133
JetBlue Airways,2021-12-30,12,30,2021,1073,BNA,15,15:58,164
JetBlue Airways,2021-12-30,12,30,2021,1849,PSP,17,17:00,374
JetBlue Airways,2021-12-30,12,30,2021,2029,RSW,09,09:45,201
JetBlue Airways,2021-12-30,12,30,2021,2155,EYW,07,07:45,217
JetBlue Airways,2021-12-30,12,30,2021,2402,BUF,17,17:20,89
JetBlue Airways,2021-12-30,12,30,2021,2473,CHS,14,14:59,138
Delta Air Lines,2021-12-30,12,30,2021,0338,SAN,17,17:10,385
Delta Air Lines,2021-12-30,12,30,2021,0343,SFO,08,08:18,417
Delta Air Lines,2021-12-30,12,30,2021,0354,SLC,07,07:00,329
Delta Air Lines,2021-12-30,12,30,2021,0452,SEA,16,16:45,380
Delta Air Lines,2021-12-30,12,30,2021,1406,TPA,14,14:59,189
Delta Air Lines,2021-12-30,12,30,2021,2265,RSW,08,08:37,213
Delta Air Lines,2021-12-30,12,30,2021,2422,MCO,07,07:05,185
United Air Lines,2021-12-30,12,30,2021,0515,LAX,08,08:30,390
American Airlines,2021-12-31,12,31,2021,2369,PHX,06,06:30,360
JetBlue Airways,2021-12-31,12,31,2021,0053,PBI,13,13:36,189
JetBlue Airways,2021-12-31,12,31,2021,0065,ABQ,19,19:55,311
JetBlue Airways,2021-12-31,12,31,2021,0089,SAN,16,16:00,383
JetBlue Airways,2021-12-31,12,31,2021,0295,AUS,11,11:29,267
JetBlue Airways,2021-12-31,12,31,2021,0341,SAV,15,15:59,144
JetBlue Airways,2021-12-31,12,31,2021,0383,MCO,14,14:16,182
JetBlue Airways,2021-12-31,12,31,2021,0385,RDU,21,21:35,105
JetBlue Airways,2021-12-31,12,31,2021,0486,ROC,21,21:30,84
JetBlue Airways,2021-12-31,12,31,2021,0518,BOS,06,06:59,69
JetBlue Airways,2021-12-31,12,31,2021,0523,LAX,11,11:00,385
JetBlue Airways,2021-12-31,12,31,2021,0525,TPA,12,12:19,189
JetBlue Airways,2021-12-31,12,31,2021,0586,ROC,17,17:30,85
JetBlue Airways,2021-12-31,12,31,2021,0601,FLL,06,06:30,187
JetBlue Airways,2021-12-31,12,31,2021,0725,SAT,09,09:00,284
JetBlue Airways,2021-12-31,12,31,2021,0745,PSE,23,23:59,229
JetBlue Airways,2021-12-31,12,31,2021,0753,PBI,21,21:57,177
JetBlue Airways,2021-12-31,12,31,2021,0776,ORH,10,10:34,55
JetBlue Airways,2021-12-31,12,31,2021,0823,LAX,18,18:59,391
JetBlue Airways,2021-12-31,12,31,2021,0915,SFO,16,16:44,411
JetBlue Airways,2021-12-31,12,31,2021,1183,MCO,20,20:05,185
JetBlue Airways,2021-12-31,12,31,2021,1201,FLL,14,14:30,196
JetBlue Airways,2021-12-31,12,31,2021,1277,JAX,20,20:30,164
JetBlue Airways,2021-12-31,12,31,2021,1601,FLL,13,13:30,197
JetBlue Airways,2021-12-31,12,31,2021,1701,FLL,21,21:50,187
JetBlue Airways,2021-12-31,12,31,2021,2155,EYW,07,07:45,217
JetBlue Airways,2021-12-31,12,31,2021,2516,SYR,21,21:45,74
JetBlue Airways,2021-12-31,12,31,2021,2893,MIA,20,20:55,198
Delta Air Lines,2021-12-31,12,31,2021,0430,LAS,15,15:20,363
Endeavor Air,2022-01-01,1,1,2022,4654,DTW,15,15:00,132
American Airlines,2022-01-01,1,1,2022,1245,ORD,19,19:55,173
American Airlines,2022-01-01,1,1,2022,2813,AUS,08,08:00,261
Alaska Airlines,2022-01-01,1,1,2022,0479,PDX,07,07:30,388
Alaska Airlines,2022-01-01,1,1,2022,0657,SFO,18,18:35,418
Alaska Airlines,2022-01-01,1,1,2022,0900,SAN,09,09:30,375
JetBlue Airways,2022-01-01,1,1,2022,0001,FLL,05,05:43,187
JetBlue Airways,2022-01-01,1,1,2022,0163,SRQ,08,08:00,195
JetBlue Airways,2022-01-01,1,1,2022,0186,ROC,10,10:40,80
JetBlue Airways,2022-01-01,1,1,2022,0234,BTV,22,22:00,76
JetBlue Airways,2022-01-01,1,1,2022,0285,RDU,08,08:40,111
JetBlue Airways,2022-01-01,1,1,2022,0553,PBI,20,20:00,189
JetBlue Airways,2022-01-01,1,1,2022,0723,LAX,08,08:00,391
JetBlue Airways,2022-01-01,1,1,2022,0803,SJU,13,13:45,235
JetBlue Airways,2022-01-01,1,1,2022,0841,SAV,06,06:30,137
JetBlue Airways,2022-01-01,1,1,2022,1083,MCO,09,09:30,188
JetBlue Airways,2022-01-01,1,1,2022,1119,ATL,13,13:10,158
JetBlue Airways,2022-01-01,1,1,2022,1483,MCO,13,13:00,178
JetBlue Airways,2022-01-01,1,1,2022,2155,EYW,07,07:40,217
JetBlue Airways,2022-01-01,1,1,2022,2402,BUF,17,17:20,89
Delta Air Lines,2022-01-01,1,1,2022,0343,SFO,08,08:22,416
Delta Air Lines,2022-01-01,1,1,2022,0350,SAN,08,08:30,387
Delta Air Lines,2022-01-01,1,1,2022,0351,LAX,10,10:30,380
Delta Air Lines,2022-01-01,1,1,2022,0353,LAX,19,19:15,388
Delta Air Lines,2022-01-01,1,1,2022,0371,LAS,08,08:05,363
Delta Air Lines,2022-01-01,1,1,2022,0522,SEA,07,07:10,391
Delta Air Lines,2022-01-01,1,1,2022,0675,BOS,15,15:40,85
Delta Air Lines,2022-01-01,1,1,2022,0863,ATL,08,08:25,167
Delta Air Lines,2022-01-01,1,1,2022,1077,DEN,19,19:59,288
Delta Air Lines,2022-01-01,1,1,2022,1272,FLL,07,07:10,192
Delta Air Lines,2022-01-01,1,1,2022,2090,TPA,18,18:25,192
Delta Air Lines,2022-01-01,1,1,2022,2219,MIA,07,07:15,191
Delta Air Lines,2022-01-01,1,1,2022,2265,RSW,08,08:37,211
Delta Air Lines,2022-01-01,1,1,2022,2422,MCO,07,07:05,183
Delta Air Lines,2022-01-01,1,1,2022,2994,PBI,08,08:55,188
United Air Lines,2022-01-01,1,1,2022,0521,SFO,08,08:00,392
Republic Airways,2022-01-01,1,1,2022,5607,ORD,15,15:25,173
Republic Airways,2022-01-01,1,1,2022,5608,ORD,19,19:45,181
Republic Airways,2022-01-01,1,1,2022,5809,ORD,08,08:20,176
Endeavor Air,2022-01-02,1,2,2022,4778,IAD,20,20:59,92
Endeavor Air,2022-01-02,1,2,2022,4865,ROC,15,15:10,99
Endeavor Air,2022-01-02,1,2,2022,4981,BWI,14,14:55,78
Endeavor Air,2022-01-02,1,2,2022,5020,RIC,08,08:30,102
Endeavor Air,2022-01-02,1,2,2022,5053,PIT,08,08:00,111
Endeavor Air,2022-01-02,1,2,2022,5153,SAV,08,08:50,153
Endeavor Air,2022-01-02,1,2,2022,5241,CHS,15,15:05,140
American Airlines,2022-01-02,1,2,2022,2234,DFW,08,08:05,263
American Airlines,2022-01-02,1,2,2022,2369,PHX,06,06:30,360
American Airlines,2022-01-02,1,2,2022,2819,ORD,07,07:50,172
Alaska Airlines,2022-01-02,1,2,2022,0035,PDX,20,20:05,398
JetBlue Airways,2022-01-02,1,2,2022,0102,BUF,21,21:35,94
JetBlue Airways,2022-01-02,1,2,2022,0234,BTV,22,22:00,76
JetBlue Airways,2022-01-02,1,2,2022,0293,SJU,12,12:30,230
JetBlue Airways,2022-01-02,1,2,2022,0383,MCO,14,14:16,182
JetBlue Airways,2022-01-02,1,2,2022,0453,PBI,09,09:20,186
JetBlue Airways,2022-01-02,1,2,2022,0518,BOS,06,06:59,69
JetBlue Airways,2022-01-02,1,2,2022,0525,TPA,12,12:19,189
JetBlue Airways,2022-01-02,1,2,2022,0586,ROC,17,17:30,85
JetBlue Airways,2022-01-02,1,2,2022,0601,FLL,06,06:30,187
JetBlue Airways,2022-01-02,1,2,2022,0617,MSP,20,20:30,197
JetBlue Airways,2022-01-02,1,2,2022,0677,JAX,08,08:00,163
JetBlue Airways,2022-01-02,1,2,2022,0711,LAS,19,19:30,370
JetBlue Airways,2022-01-02,1,2,2022,0723,LAX,08,08:00,391
JetBlue Airways,2022-01-02,1,2,2022,0776,ORH,10,10:34,55
JetBlue Airways,2022-01-02,1,2,2022,0795,AUS,09,09:59,272
JetBlue Airways,2022-01-02,1,2,2022,0823,LAX,18,18:49,391
JetBlue Airways,2022-01-02,1,2,2022,0841,SAV,06,06:30,137
JetBlue Airways,2022-01-02,1,2,2022,0915,SFO,16,16:44,411
JetBlue Airways,2022-01-02,1,2,2022,1019,DTW,18,18:30,133
JetBlue Airways,2022-01-02,1,2,2022,1073,BNA,15,15:58,164
JetBlue Airways,2022-01-02,1,2,2022,1083,MCO,09,09:30,188
JetBlue Airways,2022-01-02,1,2,2022,1318,BOS,23,23:44,75
JetBlue Airways,2022-01-02,1,2,2022,1483,MCO,13,13:00,178
JetBlue Airways,2022-01-02,1,2,2022,1601,FLL,13,13:30,197
JetBlue Airways,2022-01-02,1,2,2022,1701,FLL,21,21:50,187
JetBlue Airways,2022-01-02,1,2,2022,1849,PSP,17,17:00,374
JetBlue Airways,2022-01-02,1,2,2022,1853,PBI,17,17:09,182
JetBlue Airways,2022-01-02,1,2,2022,2029,RSW,09,09:45,201
JetBlue Airways,2022-01-02,1,2,2022,2223,LAX,13,13:55,385
JetBlue Airways,2022-01-02,1,2,2022,2473,CHS,14,14:59,138
JetBlue Airways,2022-01-02,1,2,2022,2516,SYR,21,21:45,74
JetBlue Airways,2022-01-02,1,2,2022,2593,MIA,12,12:10,198
JetBlue Airways,2022-01-02,1,2,2022,2802,BUF,09,09:30,88
Delta Air Lines,2022-01-02,1,2,2022,0314,SFO,20,20:59,416
Delta Air Lines,2022-01-02,1,2,2022,0343,SFO,08,08:18,418
Delta Air Lines,2022-01-02,1,2,2022,1272,FLL,07,07:10,194
Delta Air Lines,2022-01-02,1,2,2022,2219,MIA,07,07:15,193
Delta Air Lines,2022-01-02,1,2,2022,2422,MCO,07,07:05,185
Republic Airways,2022-01-02,1,2,2022,4526,ORF,15,15:29,88
Republic Airways,2022-01-02,1,2,2022,4537,RIC,15,15:35,90
Republic Airways,2022-01-02,1,2,2022,4681,BWI,21,21:40,76
Republic Airways,2022-01-02,1,2,2022,5607,ORD,15,15:30,179
Republic Airways,2022-01-02,1,2,2022,5763,DCA,21,21:29,86
Endeavor Air,2022-01-03,1,3,2022,4634,MSP,12,12:20,178
Endeavor Air,2022-01-03,1,3,2022,5043,CLE,18,18:55,124
Endeavor Air,2022-01-03,1,3,2022,5096,PWM,21,21:20,85
Endeavor Air,2022-01-03,1,3,2022,5199,BWI,09,09:50,75
American Airlines,2022-01-03,1,3,2022,1479,MIA,14,14:59,198
Alaska Airlines,2022-01-03,1,3,2022,0657,SFO,18,18:35,418
JetBlue Airways,2022-01-03,1,3,2022,0097,DEN,20,20:00,288
JetBlue Airways,2022-01-03,1,3,2022,0116,SYR,08,08:29,81
JetBlue Airways,2022-01-03,1,3,2022,0135,PHX,18,18:30,352
JetBlue Airways,2022-01-03,1,3,2022,0186,ROC,10,10:40,80
JetBlue Airways,2022-01-03,1,3,2022,0234,BTV,22,22:00,76
JetBlue Airways,2022-01-03,1,3,2022,0285,RDU,08,08:40,111
JetBlue Airways,2022-01-03,1,3,2022,0341,SAV,15,15:59,144
JetBlue Airways,2022-01-03,1,3,2022,0383,MCO,14,14:16,182
JetBlue Airways,2022-01-03,1,3,2022,0518,BOS,06,06:59,69
JetBlue Airways,2022-01-03,1,3,2022,0617,MSP,20,20:30,197
JetBlue Airways,2022-01-03,1,3,2022,0711,LAS,19,19:30,370
JetBlue Airways,2022-01-03,1,3,2022,0725,SAT,09,09:00,284
JetBlue Airways,2022-01-03,1,3,2022,0776,ORH,10,10:34,55
JetBlue Airways,2022-01-03,1,3,2022,0919,ATL,21,21:00,161
JetBlue Airways,2022-01-03,1,3,2022,1019,DTW,18,18:30,133
JetBlue Airways,2022-01-03,1,3,2022,1073,BNA,15,15:58,164
JetBlue Airways,2022-01-03,1,3,2022,1083,MCO,09,09:30,188
JetBlue Airways,2022-01-03,1,3,2022,1849,PSP,17,17:00,374
JetBlue Airways,2022-01-03,1,3,2022,1881,IAH,13,13:10,259
JetBlue Airways,2022-01-03,1,3,2022,2223,LAX,13,13:55,385
JetBlue Airways,2022-01-03,1,3,2022,2402,BUF,17,17:20,89
Delta Air Lines,2022-01-03,1,3,2022,0442,SFO,11,11:00,407
Delta Air Lines,2022-01-03,1,3,2022,1036,DFW,18,18:10,253
Delta Air Lines,2022-01-03,1,3,2022,2969,MSY,16,16:18,217
United Air Lines,2022-01-03,1,3,2022,0517,LAX,18,18:30,390
Republic Airways,2022-01-03,1,3,2022,4537,RIC,15,15:35,90
Republic Airways,2022-01-03,1,3,2022,4552,DCA,18,18:10,83
Republic Airways,2022-01-03,1,3,2022,4602,DCA,13,13:55,81
Republic Airways,2022-01-03,1,3,2022,4649,DCA,07,07:45,92
Republic Airways,2022-01-03,1,3,2022,4655,DCA,09,09:59,83
Republic Airways,2022-01-03,1,3,2022,4666,CLE,07,07:59,131
Republic Airways,2022-01-03,1,3,2022,4671,RIC,17,17:29,90
Republic Airways,2022-01-03,1,3,2022,4678,CLE,20,20:30,118
Republic Airways,2022-01-03,1,3,2022,4681,BWI,21,21:40,76
Republic Airways,2022-01-03,1,3,2022,4687,BWI,13,13:15,74
Republic Airways,2022-01-03,1,3,2022,4692,DCA,20,20:00,83
Republic Airways,2022-01-03,1,3,2022,4712,RIC,09,09:10,96
Republic Airways,2022-01-03,1,3,2022,4726,ORF,17,17:15,87
Republic Airways,2022-01-03,1,3,2022,5657,CLT,08,08:40,136
Republic Airways,2022-01-03,1,3,2022,5665,DCA,17,17:40,83
Republic Airways,2022-01-03,1,3,2022,5668,DCA,09,09:10,84
Republic Airways,2022-01-03,1,3,2022,5731,DCA,15,15:33,87
Republic Airways,2022-01-03,1,3,2022,5763,DCA,21,21:29,86
Endeavor Air,2022-01-04,1,4,2022,5441,MSP,08,08:10,191
American Airlines,2022-01-04,1,4,2022,2222,BOS,08,08:25,83
Alaska Airlines,2022-01-04,1,4,2022,0393,SAN,16,16:55,362
JetBlue Airways,2022-01-04,1,4,2022,0186,ROC,10,10:40,80
JetBlue Airways,2022-01-04,1,4,2022,0234,BTV,22,22:00,76
JetBlue Airways,2022-01-04,1,4,2022,0293,SJU,11,11:00,231
JetBlue Airways,2022-01-04,1,4,2022,0383,MCO,14,14:16,182
JetBlue Airways,2022-01-04,1,4,2022,0439,BQN,05,05:35,225
JetBlue Airways,2022-01-04,1,4,2022,0518,BOS,06,06:59,69
JetBlue Airways,2022-01-04,1,4,2022,0617,MSP,20,20:30,197
JetBlue Airways,2022-01-04,1,4,2022,0623,LAX,15,15:59,386
JetBlue Airways,2022-01-04,1,4,2022,0753,PBI,21,21:57,177
JetBlue Airways,2022-01-04,1,4,2022,0776,ORH,10,10:34,55
JetBlue Airways,2022-01-04,1,4,2022,0841,SAV,06,06:30,137
JetBlue Airways,2022-01-04,1,4,2022,0919,ATL,21,21:05,161
JetBlue Airways,2022-01-04,1,4,2022,1073,BNA,15,15:58,164
JetBlue Airways,2022-01-04,1,4,2022,1083,MCO,09,09:30,188
JetBlue Airways,2022-01-04,1,4,2022,1273,CHS,08,08:00,141
JetBlue Airways,2022-01-04,1,4,2022,1283,MCO,16,16:30,184
JetBlue Airways,2022-01-04,1,4,2022,1853,PBI,17,17:09,182
JetBlue Airways,2022-01-04,1,4,2022,2402,BUF,17,17:20,89
Delta Air Lines,2022-01-04,1,4,2022,0343,SFO,08,08:18,418
Delta Air Lines,2022-01-04,1,4,2022,0350,SAN,08,08:30,389
Delta Air Lines,2022-01-04,1,4,2022,0522,SEA,07,07:10,392
United Air Lines,2022-01-04,1,4,2022,0523,SFO,16,16:55,392
Republic Airways,2022-01-04,1,4,2022,4636,DCA,13,13:26,85
Republic Airways,2022-01-04,1,4,2022,4671,RIC,18,18:15,90
Republic Airways,2022-01-04,1,4,2022,5606,JAX,08,08:15,164
American Airlines,2022-01-05,1,5,2022,1553,EGE,11,11:00,296
JetBlue Airways,2022-01-05,1,5,2022,0102,BUF,21,21:35,94
Delta Air Lines,2022-01-05,1,5,2022,0797,PBI,08,08:15,185
Delta Air Lines,2022-01-05,1,5,2022,1104,LAS,08,08:10,360
Republic Airways,2022-01-05,1,5,2022,4641,DCA,07,07:45,85
Republic Airways,2022-01-05,1,5,2022,4913,ORF,12,12:00,86
Endeavor Air,2022-01-06,1,6,2022,4778,IAD,21,21:00,82
Endeavor Air,2022-01-06,1,6,2022,5023,BNA,15,15:10,161
Endeavor Air,2022-01-06,1,6,2022,5057,BUF,09,09:41,92
Endeavor Air,2022-01-06,1,6,2022,5282,BUF,17,17:19,93
American Airlines,2022-01-06,1,6,2022,1444,CLT,07,07:35,135
American Airlines,2022-01-06,1,6,2022,1553,EGE,11,11:00,296
American Airlines,2022-01-06,1,6,2022,1609,BOS,22,22:45,74
American Airlines,2022-01-06,1,6,2022,2643,CLT,06,06:00,130
Alaska Airlines,2022-01-06,1,6,2022,0393,SAN,16,16:55,362
JetBlue Airways,2022-01-06,1,6,2022,2802,BUF,08,08:10,89
JetBlue Airways,2022-01-06,1,6,2022,2893,MIA,21,21:20,197
Delta Air Lines,2022-01-06,1,6,2022,0439,LAX,13,13:59,386
Delta Air Lines,2022-01-06,1,6,2022,1542,MSY,16,16:00,216
Republic Airways,2022-01-06,1,6,2022,5615,BOS,22,22:30,75
Republic Airways,2022-01-06,1,6,2022,5665,DCA,17,17:49,81
Republic Airways,2022-01-06,1,6,2022,5763,DCA,21,21:42,78
Endeavor Air,2022-01-07,1,7,2022,4629,ORF,09,09:55,87
Endeavor Air,2022-01-07,1,7,2022,4635,MSP,14,14:59,207
Endeavor Air,2022-01-07,1,7,2022,4676,DTW,07,07:10,133
Endeavor Air,2022-01-07,1,7,2022,4716,ORD,11,11:12,169
Endeavor Air,2022-01-07,1,7,2022,4726,ROC,09,09:46,84
Endeavor Air,2022-01-07,1,7,2022,4761,CHS,08,08:30,138
Endeavor Air,2022-01-07,1,7,2022,4801,IND,08,08:50,151
Endeavor Air,2022-01-07,1,7,2022,4858,DTW,12,12:59,130
Endeavor Air,2022-01-07,1,7,2022,4873,RDU,08,08:15,113
Endeavor Air,2022-01-07,1,7,2022,4982,CLE,08,08:59,121
Endeavor Air,2022-01-07,1,7,2022,5020,RIC,08,08:17,100
Endeavor Air,2022-01-07,1,7,2022,5053,PIT,08,08:15,103
Endeavor Air,2022-01-07,1,7,2022,5057,BUF,09,09:41,92
Endeavor Air,2022-01-07,1,7,2022,5113,RDU,11,11:42,106
Endeavor Air,2022-01-07,1,7,2022,5199,BWI,08,08:45,80
Endeavor Air,2022-01-07,1,7,2022,5291,SAV,09,09:20,143
Endeavor Air,2022-01-07,1,7,2022,5412,BNA,08,08:35,157
Endeavor Air,2022-01-07,1,7,2022,5470,CLT,08,08:39,136
American Airlines,2022-01-07,1,7,2022,0001,LAX,07,07:30,394
American Airlines,2022-01-07,1,7,2022,0076,SFO,07,07:00,413
American Airlines,2022-01-07,1,7,2022,0171,LAX,06,06:00,394
American Airlines,2022-01-07,1,7,2022,0179,SFO,08,08:59,412
American Airlines,2022-01-07,1,7,2022,0327,CLT,14,14:59,136
American Airlines,2022-01-07,1,7,2022,0429,SNA,16,16:35,386
American Airlines,2022-01-07,1,7,2022,0495,CLT,09,09:25,132
American Airlines,2022-01-07,1,7,2022,0936,STT,09,09:25,235
American Airlines,2022-01-07,1,7,2022,1228,MIA,09,09:40,193
American Airlines,2022-01-07,1,7,2022,1330,LAS,20,20:40,366
American Airlines,2022-01-07,1,7,2022,1444,CLT,07,07:35,135
American Airlines,2022-01-07,1,7,2022,1487,PHX,16,16:25,361
American Airlines,2022-01-07,1,7,2022,1610,MIA,08,08:00,200
American Airlines,2022-01-07,1,7,2022,1637,BOS,12,12:32,75
American Airlines,2022-01-07,1,7,2022,1875,FLL,07,07:00,192
American Airlines,2022-01-07,1,7,2022,2222,BOS,08,08:25,83
American Airlines,2022-01-07,1,7,2022,2234,DFW,08,08:00,268
American Airlines,2022-01-07,1,7,2022,2268,MIA,06,06:30,190
American Airlines,2022-01-07,1,7,2022,2369,PHX,06,06:30,365
American Airlines,2022-01-07,1,7,2022,2643,CLT,06,06:00,130
American Airlines,2022-01-07,1,7,2022,2813,AUS,08,08:00,273
American Airlines,2022-01-07,1,7,2022,2819,ORD,07,07:50,186
Alaska Airlines,2022-01-07,1,7,2022,0014,SFO,13,13:00,404
Alaska Airlines,2022-01-07,1,7,2022,0027,SFO,09,09:00,401
Alaska Airlines,2022-01-07,1,7,2022,0063,SEA,11,11:30,385
Alaska Airlines,2022-01-07,1,7,2022,0077,SEA,09,09:30,385
Alaska Airlines,2022-01-07,1,7,2022,0185,SFO,11,11:30,404
Alaska Airlines,2022-01-07,1,7,2022,0186,PDX,07,07:30,385
JetBlue Airways,2022-01-07,1,7,2022,0001,FLL,07,07:30,195
JetBlue Airways,2022-01-07,1,7,2022,0015,SFO,08,08:20,413
JetBlue Airways,2022-01-07,1,7,2022,0053,PBI,07,07:30,184
JetBlue Airways,2022-01-07,1,7,2022,0116,SYR,09,09:25,78
JetBlue Airways,2022-01-07,1,7,2022,0118,BOS,11,11:35,70
JetBlue Airways,2022-01-07,1,7,2022,0125,TPA,11,11:05,190
JetBlue Airways,2022-01-07,1,7,2022,0163,SRQ,08,08:00,195
JetBlue Airways,2022-01-07,1,7,2022,0186,ROC,09,09:15,85
JetBlue Airways,2022-01-07,1,7,2022,0201,FLL,08,08:18,202
JetBlue Airways,2022-01-07,1,7,2022,0295,AUS,13,13:44,269
JetBlue Airways,2022-01-07,1,7,2022,0459,BUR,08,08:45,400
JetBlue Airways,2022-01-07,1,7,2022,0518,BOS,06,06:59,69
JetBlue Airways,2022-01-07,1,7,2022,0519,ATL,08,08:57,161
JetBlue Airways,2022-01-07,1,7,2022,0583,MCO,07,07:30,187
JetBlue Airways,2022-01-07,1,7,2022,0677,JAX,07,07:20,160
JetBlue Airways,2022-01-07,1,7,2022,0709,DFW,12,12:29,254
JetBlue Airways,2022-01-07,1,7,2022,0711,LAS,19,19:12,369
JetBlue Airways,2022-01-07,1,7,2022,0723,LAX,08,08:00,391
JetBlue Airways,2022-01-07,1,7,2022,0776,ORH,13,13:06,58
JetBlue Airways,2022-01-07,1,7,2022,0841,SAV,07,07:30,149
JetBlue Airways,2022-01-07,1,7,2022,0853,PBI,12,12:00,185
JetBlue Airways,2022-01-07,1,7,2022,0871,SLC,08,08:40,327
JetBlue Airways,2022-01-07,1,7,2022,0901,FLL,11,11:15,194
JetBlue Airways,2022-01-07,1,7,2022,1005,PDX,19,19:42,382
JetBlue Airways,2022-01-07,1,7,2022,1019,DTW,20,20:30,130
JetBlue Airways,2022-01-07,1,7,2022,1053,PBI,09,09:00,186
JetBlue Airways,2022-01-07,1,7,2022,1201,FLL,15,15:59,197
JetBlue Airways,2022-01-07,1,7,2022,1273,CHS,08,08:00,141
JetBlue Airways,2022-01-07,1,7,2022,1401,FLL,18,18:45,196
JetBlue Airways,2022-01-07,1,7,2022,1438,BOS,08,08:30,77
JetBlue Airways,2022-01-07,1,7,2022,1634,BTV,09,09:40,75
JetBlue Airways,2022-01-07,1,7,2022,2029,RSW,09,09:33,203
JetBlue Airways,2022-01-07,1,7,2022,2155,EYW,07,07:41,218
JetBlue Airways,2022-01-07,1,7,2022,2593,MIA,10,10:30,198
JetBlue Airways,2022-01-07,1,7,2022,2802,BUF,08,08:10,89
Delta Air Lines,2022-01-07,1,7,2022,0302,LAX,07,07:00,380
Delta Air Lines,2022-01-07,1,7,2022,0311,SFO,16,16:35,404
Delta Air Lines,2022-01-07,1,7,2022,0314,SFO,20,20:00,408
Delta Air Lines,2022-01-07,1,7,2022,0350,SAN,08,08:08,387
Delta Air Lines,2022-01-07,1,7,2022,0351,LAX,10,10:29,381
Delta Air Lines,2022-01-07,1,7,2022,0354,SLC,07,07:00,330
Delta Air Lines,2022-01-07,1,7,2022,0424,ATL,06,06:30,155
Delta Air Lines,2022-01-07,1,7,2022,0487,SFO,07,07:00,402
Delta Air Lines,2022-01-07,1,7,2022,0659,AUS,08,08:30,276
Delta Air Lines,2022-01-07,1,7,2022,0797,PBI,08,08:15,185
Delta Air Lines,2022-01-07,1,7,2022,0812,MCO,07,07:30,179
Delta Air Lines,2022-01-07,1,7,2022,0829,PHX,18,18:51,358
Delta Air Lines,2022-01-07,1,7,2022,0863,ATL,08,08:30,162
Delta Air Lines,2022-01-07,1,7,2022,1005,DFW,08,08:15,260
Delta Air Lines,2022-01-07,1,7,2022,1104,LAS,08,08:10,360
Delta Air Lines,2022-01-07,1,7,2022,1170,DEN,08,08:05,285
Delta Air Lines,2022-01-07,1,7,2022,1175,AUS,13,13:05,259
Delta Air Lines,2022-01-07,1,7,2022,1272,FLL,07,07:05,193
Delta Air Lines,2022-01-07,1,7,2022,1377,MSY,08,08:05,222
Delta Air Lines,2022-01-07,1,7,2022,1547,STT,08,08:30,241
Delta Air Lines,2022-01-07,1,7,2022,2127,FLL,11,11:40,180
Delta Air Lines,2022-01-07,1,7,2022,2219,MIA,07,07:00,189
Delta Air Lines,2022-01-07,1,7,2022,2433,TPA,13,13:00,180
Delta Air Lines,2022-01-07,1,7,2022,2469,TPA,07,07:30,185
Delta Air Lines,2022-01-07,1,7,2022,2638,SEA,07,07:15,383
Delta Air Lines,2022-01-07,1,7,2022,2776,MIA,11,11:00,190
Republic Airways,2022-01-07,1,7,2022,4527,ORF,08,08:46,90
Republic Airways,2022-01-07,1,7,2022,4638,IND,09,09:59,148
Republic Airways,2022-01-07,1,7,2022,4641,DCA,07,07:45,85
Republic Airways,2022-01-07,1,7,2022,4666,CLE,07,07:20,117
Republic Airways,2022-01-07,1,7,2022,4712,RIC,09,09:15,91
Republic Airways,2022-01-07,1,7,2022,4913,ORF,12,12:00,86
Republic Airways,2022-01-07,1,7,2022,4926,RDU,07,07:40,110
Republic Airways,2022-01-07,1,7,2022,5603,BOS,09,09:55,70
Republic Airways,2022-01-07,1,7,2022,5606,JAX,08,08:10,167
Republic Airways,2022-01-07,1,7,2022,5609,CMH,10,10:30,104
Republic Airways,2022-01-07,1,7,2022,5615,BOS,22,22:30,75
Republic Airways,2022-01-07,1,7,2022,5619,RDU,13,13:35,107
Republic Airways,2022-01-07,1,7,2022,5630,CLT,12,12:00,121
Republic Airways,2022-01-07,1,7,2022,5639,BOS,12,12:50,76
Republic Airways,2022-01-07,1,7,2022,5668,DCA,09,09:20,80
Republic Airways,2022-01-07,1,7,2022,5731,DCA,16,16:00,85
Republic Airways,2022-01-07,1,7,2022,5747,JAX,14,14:55,162
Republic Airways,2022-01-07,1,7,2022,5762,BOS,07,07:30,80
Republic Airways,2022-01-07,1,7,2022,5809,ORD,08,08:30,168
Republic Airways,2022-01-07,1,7,2022,5829,PIT,19,19:29,105
American Airlines,2022-01-08,1,8,2022,0830,JAC,11,11:00,317
Alaska Airlines,2022-01-08,1,8,2022,0077,SEA,09,09:30,385
Alaska Airlines,2022-01-08,1,8,2022,0186,PDX,07,07:30,385
Alaska Airlines,2022-01-08,1,8,2022,0221,SEA,16,16:55,392
JetBlue Airways,2022-01-08,1,8,2022,0676,ORH,22,22:30,58
JetBlue Airways,2022-01-08,1,8,2022,1019,DTW,20,20:30,130
JetBlue Airways,2022-01-08,1,8,2022,1201,FLL,15,15:59,197
JetBlue Airways,2022-01-08,1,8,2022,2402,BUF,18,18:30,96
Delta Air Lines,2022-01-08,1,8,2022,0445,LAS,19,19:29,359
Republic Airways,2022-01-08,1,8,2022,5607,ORD,15,15:30,170
Republic Airways,2022-01-08,1,8,2022,5762,BOS,07,07:30,80
American Airlines,2022-01-09,1,9,2022,0936,STT,09,09:25,235
American Airlines,2022-01-09,1,9,2022,1444,CLT,07,07:35,135
American Airlines,2022-01-09,1,9,2022,1875,FLL,07,07:00,192
American Airlines,2022-01-09,1,9,2022,2643,CLT,06,06:00,130
Alaska Airlines,2022-01-09,1,9,2022,0221,SEA,16,16:55,392
JetBlue Airways,2022-01-09,1,9,2022,1318,BOS,22,22:59,76
JetBlue Airways,2022-01-09,1,9,2022,1634,BTV,09,09:40,75
Delta Air Lines,2022-01-09,1,9,2022,0445,LAS,19,19:30,359
Alaska Airlines,2022-01-10,1,10,2022,0221,SEA,16,16:55,392
JetBlue Airways,2022-01-10,1,10,2022,0065,ABQ,20,20:00,309
JetBlue Airways,2022-01-10,1,10,2022,0097,DEN,20,20:00,288
JetBlue Airways,2022-01-10,1,10,2022,0601,FLL,06,06:00,188
JetBlue Airways,2022-01-10,1,10,2022,0809,DFW,20,20:00,263
JetBlue Airways,2022-01-10,1,10,2022,1005,PDX,19,19:42,382
Delta Air Lines,2022-01-10,1,10,2022,0343,SFO,09,09:05,405
Delta Air Lines,2022-01-10,1,10,2022,0675,BOS,14,14:55,85
Delta Air Lines,2022-01-10,1,10,2022,1427,PDX,19,19:25,386
American Airlines,2022-01-11,1,11,2022,2305,SFO,17,17:00,410
JetBlue Airways,2022-01-11,1,11,2022,0425,TPA,06,06:30,181
JetBlue Airways,2022-01-11,1,11,2022,1003,SJU,21,21:20,233
JetBlue Airways,2022-01-11,1,11,2022,1005,PDX,19,19:42,382
JetBlue Airways,2022-01-11,1,11,2022,1849,PSP,17,17:29,378
Endeavor Air,2022-01-12,1,12,2022,5090,IND,14,14:55,149
Endeavor Air,2022-01-12,1,12,2022,5241,CHS,14,14:59,139
American Airlines,2022-01-12,1,12,2022,0442,BOS,15,15:45,75
JetBlue Airways,2022-01-12,1,12,2022,0425,TPA,06,06:30,181
JetBlue Airways,2022-01-12,1,12,2022,0459,BUR,08,08:45,400
Alaska Airlines,2022-01-13,1,13,2022,0027,SFO,09,09:00,401
Alaska Airlines,2022-01-13,1,13,2022,0221,SEA,16,16:55,392
Delta Air Lines,2022-01-13,1,13,2022,0992,MSP,07,07:59,196
JetBlue Airways,2022-01-14,1,14,2022,0453,PBI,15,15:30,189
Delta Air Lines,2022-01-14,1,14,2022,0460,SEA,18,18:07,382
Endeavor Air,2022-01-15,1,15,2022,4795,BUF,21,21:35,99
Endeavor Air,2022-01-15,1,15,2022,5379,CLT,17,17:00,134
American Airlines,2022-01-15,1,15,2022,1355,CLT,19,19:30,131
American Airlines,2022-01-15,1,15,2022,2731,CLT,17,17:29,131
JetBlue Airways,2022-01-15,1,15,2022,0355,ONT,18,18:30,390
JetBlue Airways,2022-01-15,1,15,2022,0725,SAT,09,09:45,279
Endeavor Air,2022-01-16,1,16,2022,4778,IAD,21,21:00,82
Endeavor Air,2022-01-16,1,16,2022,4795,BUF,21,21:35,99
Endeavor Air,2022-01-16,1,16,2022,4829,RDU,16,16:55,113
Endeavor Air,2022-01-16,1,16,2022,4875,ROC,21,21:59,88
Endeavor Air,2022-01-16,1,16,2022,5113,RDU,11,11:42,106
Endeavor Air,2022-01-16,1,16,2022,5214,BWI,21,21:50,74
Endeavor Air,2022-01-16,1,16,2022,5460,IAD,14,14:55,82
Endeavor Air,2022-01-16,1,16,2022,5470,CLT,08,08:39,136
American Airlines,2022-01-16,1,16,2022,0311,CLT,13,13:40,129
American Airlines,2022-01-16,1,16,2022,0327,CLT,14,14:59,136
American Airlines,2022-01-16,1,16,2022,0493,CLT,12,12:00,125
American Airlines,2022-01-16,1,16,2022,0495,CLT,09,09:25,132
American Airlines,2022-01-16,1,16,2022,1032,MIA,09,09:15,185
American Airlines,2022-01-16,1,16,2022,1355,CLT,19,19:29,131
American Airlines,2022-01-16,1,16,2022,1444,CLT,07,07:35,135
American Airlines,2022-01-16,1,16,2022,1901,MIA,16,16:29,200
American Airlines,2022-01-16,1,16,2022,2643,CLT,06,06:00,130
American Airlines,2022-01-16,1,16,2022,2731,CLT,17,17:29,131
Alaska Airlines,2022-01-16,1,16,2022,0027,SFO,09,09:00,401
JetBlue Airways,2022-01-16,1,16,2022,0102,BUF,21,21:35,94
JetBlue Airways,2022-01-16,1,16,2022,0234,BTV,21,21:59,76
JetBlue Airways,2022-01-16,1,16,2022,0303,SJU,22,22:59,230
JetBlue Airways,2022-01-16,1,16,2022,0486,ROC,22,22:16,82
JetBlue Airways,2022-01-16,1,16,2022,0553,PBI,21,21:20,178
JetBlue Airways,2022-01-16,1,16,2022,0585,RDU,05,05:59,101
JetBlue Airways,2022-01-16,1,16,2022,0617,MSP,20,20:59,197
JetBlue Airways,2022-01-16,1,16,2022,0629,RSW,21,21:45,194
JetBlue Airways,2022-01-16,1,16,2022,0676,ORH,22,22:30,58
JetBlue Airways,2022-01-16,1,16,2022,0918,BOS,21,21:50,79
JetBlue Airways,2022-01-16,1,16,2022,1005,PDX,19,19:42,382
JetBlue Airways,2022-01-16,1,16,2022,1083,MCO,05,05:30,175
JetBlue Airways,2022-01-16,1,16,2022,1277,JAX,20,20:50,164
JetBlue Airways,2022-01-16,1,16,2022,1295,AUS,20,20:40,269
JetBlue Airways,2022-01-16,1,16,2022,1318,BOS,22,22:59,76
JetBlue Airways,2022-01-16,1,16,2022,1415,SFO,19,19:30,414
JetBlue Airways,2022-01-16,1,16,2022,2103,SJU,20,20:04,235
JetBlue Airways,2022-01-16,1,16,2022,2516,SYR,21,21:59,75
JetBlue Airways,2022-01-16,1,16,2022,2893,MIA,21,21:20,197
Delta Air Lines,2022-01-16,1,16,2022,0350,SAN,08,08:08,387
Republic Airways,2022-01-16,1,16,2022,4522,BWI,17,17:15,75
Republic Airways,2022-01-16,1,16,2022,4530,PIT,15,15:45,105
Republic Airways,2022-01-16,1,16,2022,4533,RDU,21,21:40,112
Republic Airways,2022-01-16,1,16,2022,4537,RIC,15,15:39,91
Republic Airways,2022-01-16,1,16,2022,4540,RDU,16,16:45,110
Republic Airways,2022-01-16,1,16,2022,4628,RDU,13,13:00,110
Republic Airways,2022-01-16,1,16,2022,4690,PIT,17,17:15,105
Republic Airways,2022-01-16,1,16,2022,4712,RIC,09,09:15,91
Republic Airways,2022-01-16,1,16,2022,4717,DCA,19,19:59,85
Republic Airways,2022-01-16,1,16,2022,4722,DCA,17,17:20,85
Republic Airways,2022-01-16,1,16,2022,4926,RDU,07,07:40,110
Republic Airways,2022-01-16,1,16,2022,5011,PIT,22,22:00,107
Republic Airways,2022-01-16,1,16,2022,5630,CLT,12,12:00,121
Republic Airways,2022-01-16,1,16,2022,5645,CLT,14,14:55,128
Republic Airways,2022-01-16,1,16,2022,5665,DCA,17,17:49,81
Republic Airways,2022-01-16,1,16,2022,5731,DCA,16,16:00,85
Republic Airways,2022-01-16,1,16,2022,5806,BOS,17,17:39,79
Republic Airways,2022-01-16,1,16,2022,5829,PIT,19,19:29,105
Endeavor Air,2022-01-17,1,17,2022,4801,IND,08,08:50,151
American Airlines,2022-01-17,1,17,2022,0341,LAX,15,15:10,397
American Airlines,2022-01-17,1,17,2022,1444,CLT,07,07:35,135
Alaska Airlines,2022-01-17,1,17,2022,0027,SFO,09,09:00,401
Alaska Airlines,2022-01-17,1,17,2022,0393,SAN,16,16:55,362
JetBlue Airways,2022-01-17,1,17,2022,0116,SYR,09,09:25,78
JetBlue Airways,2022-01-17,1,17,2022,0186,ROC,09,09:15,85
JetBlue Airways,2022-01-17,1,17,2022,0459,BUR,08,08:45,400
JetBlue Airways,2022-01-17,1,17,2022,0702,BUF,13,13:25,87
JetBlue Airways,2022-01-17,1,17,2022,1019,DTW,20,20:30,130
JetBlue Airways,2022-01-17,1,17,2022,1602,BUF,10,10:31,85
JetBlue Airways,2022-01-17,1,17,2022,2029,RSW,09,09:33,203
JetBlue Airways,2022-01-17,1,17,2022,2802,BUF,08,08:10,89
Republic Airways,2022-01-17,1,17,2022,4638,IND,09,09:59,148
Republic Airways,2022-01-17,1,17,2022,4678,CLE,21,21:00,118
JetBlue Airways,2022-01-18,1,18,2022,0723,LAX,08,08:00,391
JetBlue Airways,2022-01-18,1,18,2022,1003,SJU,21,21:20,233
JetBlue Airways,2022-01-18,1,18,2022,1273,CHS,08,08:00,141
JetBlue Airways,2022-01-18,1,18,2022,2693,MIA,17,17:15,199
Republic Airways,2022-01-18,1,18,2022,4666,CLE,07,07:20,117
Republic Airways,2022-01-18,1,18,2022,4892,CLE,12,12:25,118
American Airlines,2022-01-19,1,19,2022,0595,MIA,11,11:00,187
American Airlines,2022-01-19,1,19,2022,1032,MIA,09,09:15,185
JetBlue Airways,2022-01-19,1,19,2022,0459,BUR,08,08:45,400
JetBlue Airways,2022-01-19,1,19,2022,1881,IAH,11,11:59,257
Endeavor Air,2022-01-20,1,20,2022,5247,RDU,19,19:20,114
American Airlines,2022-01-20,1,20,2022,0076,SFO,07,07:00,413
American Airlines,2022-01-20,1,20,2022,2772,AUS,17,17:29,264
Alaska Airlines,2022-01-20,1,20,2022,0221,SEA,16,16:55,392
JetBlue Airways,2022-01-20,1,20,2022,0063,SEA,09,09:29,392
JetBlue Airways,2022-01-20,1,20,2022,0163,SRQ,08,08:00,195
JetBlue Airways,2022-01-20,1,20,2022,0425,TPA,06,06:30,181
JetBlue Airways,2022-01-20,1,20,2022,0585,RDU,06,06:00,104
JetBlue Airways,2022-01-20,1,20,2022,0841,SAV,07,07:30,149
JetBlue Airways,2022-01-20,1,20,2022,1273,CHS,08,08:00,141
JetBlue Airways,2022-01-20,1,20,2022,1438,BOS,08,08:30,77
JetBlue Airways,2022-01-20,1,20,2022,1983,MCO,06,06:29,184
JetBlue Airways,2022-01-20,1,20,2022,1993,MIA,14,14:00,200
JetBlue Airways,2022-01-20,1,20,2022,2802,BUF,08,08:10,89
United Air Lines,2022-01-20,1,20,2022,0515,LAX,08,08:30,390
Republic Airways,2022-01-20,1,20,2022,4503,RDU,14,14:30,111
Republic Airways,2022-01-20,1,20,2022,4533,RDU,21,21:40,112
Endeavor Air,2022-01-21,1,21,2022,4629,ORF,09,09:55,87
Endeavor Air,2022-01-21,1,21,2022,4634,ORF,21,21:15,96
Endeavor Air,2022-01-21,1,21,2022,5207,ORF,12,12:50,87
Endeavor Air,2022-01-21,1,21,2022,5226,CHS,18,18:29,140
Endeavor Air,2022-01-21,1,21,2022,5247,RDU,19,19:20,114
JetBlue Airways,2022-01-21,1,21,2022,0145,CHS,20,20:00,140
JetBlue Airways,2022-01-21,1,21,2022,0341,SAV,15,15:30,148
JetBlue Airways,2022-01-21,1,21,2022,0355,ONT,18,18:34,390
JetBlue Airways,2022-01-21,1,21,2022,0385,RDU,20,20:40,113
JetBlue Airways,2022-01-21,1,21,2022,1185,RDU,17,17:29,109
JetBlue Airways,2022-01-21,1,21,2022,1473,CHS,10,10:59,134
JetBlue Airways,2022-01-21,1,21,2022,2473,CHS,13,13:59,137
JetBlue Airways,2022-01-21,1,21,2022,2802,BUF,08,08:10,89
Republic Airways,2022-01-21,1,21,2022,4503,RDU,14,14:30,111
Republic Airways,2022-01-21,1,21,2022,4526,ORF,15,15:40,88
Republic Airways,2022-01-21,1,21,2022,4527,ORF,08,08:46,90
Republic Airways,2022-01-21,1,21,2022,4540,RDU,16,16:45,110
Republic Airways,2022-01-21,1,21,2022,4628,RDU,13,13:00,110
Republic Airways,2022-01-21,1,21,2022,4712,RIC,09,09:15,91
Republic Airways,2022-01-21,1,21,2022,4913,ORF,12,12:00,86
Republic Airways,2022-01-21,1,21,2022,4926,RDU,07,07:40,110
Alaska Airlines,2022-01-22,1,22,2022,0007,SEA,07,07:30,385
JetBlue Airways,2022-01-22,1,22,2022,0676,ORH,22,22:30,58
JetBlue Airways,2022-01-22,1,22,2022,0776,ORH,13,13:06,58
JetBlue Airways,2022-01-22,1,22,2022,1185,RDU,17,17:29,109
Republic Airways,2022-01-22,1,22,2022,4687,ORH,14,14:30,66
JetBlue Airways,2022-01-23,1,23,2022,0139,BQN,09,09:59,229
Delta Air Lines,2022-01-23,1,23,2022,1859,SJU,18,18:28,236
Republic Airways,2022-01-23,1,23,2022,5665,DCA,17,17:49,81
American Airlines,2022-01-24,1,24,2022,1444,CLT,07,07:35,135
JetBlue Airways,2022-01-24,1,24,2022,1003,SJU,21,21:20,233
American Airlines,2022-01-25,1,25,2022,1228,MIA,09,09:40,193
American Airlines,2022-01-25,1,25,2022,1875,FLL,07,07:00,192
Delta Air Lines,2022-01-25,1,25,2022,0439,LAX,13,13:59,386
American Airlines,2022-01-26,1,26,2022,2305,SFO,17,17:00,410
JetBlue Airways,2022-01-26,1,26,2022,0063,SEA,09,09:29,392
American Airlines,2022-01-27,1,27,2022,1228,MIA,09,09:40,193
Republic Airways,2022-01-27,1,27,2022,5607,ORD,15,15:30,170
Endeavor Air,2022-01-28,1,28,2022,4634,ORF,21,21:15,96
Endeavor Air,2022-01-28,1,28,2022,4654,DTW,19,19:40,140
Endeavor Air,2022-01-28,1,28,2022,4778,IAD,21,21:00,82
Endeavor Air,2022-01-28,1,28,2022,4795,BUF,20,20:59,97
Endeavor Air,2022-01-28,1,28,2022,4855,BNA,20,20:05,160
Endeavor Air,2022-01-28,1,28,2022,4858,DTW,12,12:59,130
Endeavor Air,2022-01-28,1,28,2022,4875,ROC,21,21:59,88
Endeavor Air,2022-01-28,1,28,2022,5011,CLT,19,19:50,139
Endeavor Air,2022-01-28,1,28,2022,5041,IND,19,19:55,156
Endeavor Air,2022-01-28,1,28,2022,5043,CLE,18,18:55,123
Endeavor Air,2022-01-28,1,28,2022,5214,BWI,21,21:50,74
Endeavor Air,2022-01-28,1,28,2022,5226,CHS,18,18:29,140
Endeavor Air,2022-01-28,1,28,2022,5247,RDU,19,19:20,114
Endeavor Air,2022-01-28,1,28,2022,5273,CVG,19,19:25,129
Endeavor Air,2022-01-28,1,28,2022,5379,CLT,17,17:00,134
Endeavor Air,2022-01-28,1,28,2022,5422,ORD,19,19:40,174
Endeavor Air,2022-01-28,1,28,2022,5494,RIC,21,21:00,107
American Airlines,2022-01-28,1,28,2022,0076,SFO,07,07:00,413
American Airlines,2022-01-28,1,28,2022,0185,LAX,21,21:30,389
American Airlines,2022-01-28,1,28,2022,1609,BOS,22,22:45,74
JetBlue Airways,2022-01-28,1,28,2022,0089,SAN,16,16:50,382
JetBlue Airways,2022-01-28,1,28,2022,0135,PHX,17,17:43,348
JetBlue Airways,2022-01-28,1,28,2022,0263,SEA,19,19:15,394
JetBlue Airways,2022-01-28,1,28,2022,0355,ONT,18,18:34,390
JetBlue Airways,2022-01-28,1,28,2022,0486,ROC,22,22:16,82
JetBlue Airways,2022-01-28,1,28,2022,0586,ROC,17,17:40,83
JetBlue Airways,2022-01-28,1,28,2022,0617,MSP,20,20:59,197
JetBlue Airways,2022-01-28,1,28,2022,0676,ORH,22,22:30,58
JetBlue Airways,2022-01-28,1,28,2022,0711,LAS,19,19:12,369
JetBlue Airways,2022-01-28,1,28,2022,0809,DFW,20,20:00,263
JetBlue Airways,2022-01-28,1,28,2022,0919,ATL,21,21:45,156
JetBlue Airways,2022-01-28,1,28,2022,1003,SJU,21,21:20,233
JetBlue Airways,2022-01-28,1,28,2022,1119,ATL,13,13:26,156
JetBlue Airways,2022-01-28,1,28,2022,1318,BOS,22,22:59,76
JetBlue Airways,2022-01-28,1,28,2022,1418,BOS,18,18:30,85
JetBlue Airways,2022-01-28,1,28,2022,1719,ATL,18,18:30,164
JetBlue Airways,2022-01-28,1,28,2022,1723,LAX,21,21:30,389
JetBlue Airways,2022-01-28,1,28,2022,2193,MIA,20,20:00,201
JetBlue Airways,2022-01-28,1,28,2022,2402,BUF,18,18:30,96
Delta Air Lines,2022-01-28,1,28,2022,0353,LAX,19,19:10,394
Delta Air Lines,2022-01-28,1,28,2022,0655,AUS,18,18:39,268
Delta Air Lines,2022-01-28,1,28,2022,0667,SLC,16,16:44,330
Delta Air Lines,2022-01-28,1,28,2022,0856,ATL,16,16:05,160
Delta Air Lines,2022-01-28,1,28,2022,1291,MCO,19,19:54,180
Delta Air Lines,2022-01-28,1,28,2022,1627,FLL,18,18:29,195
Delta Air Lines,2022-01-28,1,28,2022,2243,MIA,19,19:45,205
Republic Airways,2022-01-28,1,28,2022,5615,BOS,22,22:30,75
Republic Airways,2022-01-28,1,28,2022,5619,RDU,13,13:35,107
Republic Airways,2022-01-28,1,28,2022,5665,DCA,17,17:49,81
Republic Airways,2022-01-28,1,28,2022,5688,CMH,20,20:48,115
Republic Airways,2022-01-28,1,28,2022,5740,JAX,19,19:25,168
Republic Airways,2022-01-28,1,28,2022,5763,DCA,21,21:42,78
Endeavor Air,2022-01-29,1,29,2022,4629,ORF,09,09:55,87
Endeavor Air,2022-01-29,1,29,2022,4634,ORF,21,21:15,96
Endeavor Air,2022-01-29,1,29,2022,4635,MSP,14,14:59,207
Endeavor Air,2022-01-29,1,29,2022,4649,CHS,12,12:00,130
Endeavor Air,2022-01-29,1,29,2022,4654,DTW,19,19:40,140
Endeavor Air,2022-01-29,1,29,2022,4668,BTV,13,13:30,74
Endeavor Air,2022-01-29,1,29,2022,4676,DTW,07,07:10,133
Endeavor Air,2022-01-29,1,29,2022,4716,ORD,11,11:30,172
Endeavor Air,2022-01-29,1,29,2022,4726,ROC,09,09:50,84
Endeavor Air,2022-01-29,1,29,2022,4761,CHS,08,08:59,133
Endeavor Air,2022-01-29,1,29,2022,4778,IAD,20,20:59,82
Endeavor Air,2022-01-29,1,29,2022,4795,BUF,21,21:35,99
Endeavor Air,2022-01-29,1,29,2022,4801,IND,08,08:59,151
Endeavor Air,2022-01-29,1,29,2022,4829,RDU,16,16:55,113
Endeavor Air,2022-01-29,1,29,2022,4855,BNA,20,20:05,160
Endeavor Air,2022-01-29,1,29,2022,4858,DTW,12,12:59,130
Endeavor Air,2022-01-29,1,29,2022,4865,ROC,15,15:20,92
Endeavor Air,2022-01-29,1,29,2022,4872,RIC,14,14:55,99
Endeavor Air,2022-01-29,1,29,2022,4873,RDU,08,08:15,113
Endeavor Air,2022-01-29,1,29,2022,4875,ROC,21,21:59,88
Endeavor Air,2022-01-29,1,29,2022,4982,CLE,09,09:20,120
Endeavor Air,2022-01-29,1,29,2022,4997,CLE,13,13:59,119
Endeavor Air,2022-01-29,1,29,2022,5011,CLT,19,19:50,139
Endeavor Air,2022-01-29,1,29,2022,5020,RIC,08,08:17,100
Endeavor Air,2022-01-29,1,29,2022,5023,BNA,14,14:59,161
Endeavor Air,2022-01-29,1,29,2022,5041,IND,19,19:55,156
Endeavor Air,2022-01-29,1,29,2022,5043,CLE,19,19:00,123
Endeavor Air,2022-01-29,1,29,2022,5053,PIT,07,07:59,99
Endeavor Air,2022-01-29,1,29,2022,5057,BUF,09,09:29,97
Endeavor Air,2022-01-29,1,29,2022,5074,DTW,17,17:34,133
Endeavor Air,2022-01-29,1,29,2022,5090,IND,14,14:55,149
Endeavor Air,2022-01-29,1,29,2022,5113,RDU,11,11:00,107
Endeavor Air,2022-01-29,1,29,2022,5183,SAV,14,14:55,148
Endeavor Air,2022-01-29,1,29,2022,5199,BWI,09,09:00,80
Endeavor Air,2022-01-29,1,29,2022,5207,ORF,13,13:00,87
Endeavor Air,2022-01-29,1,29,2022,5214,BWI,21,21:50,74
Endeavor Air,2022-01-29,1,29,2022,5241,CHS,14,14:59,139
Endeavor Air,2022-01-29,1,29,2022,5247,RDU,19,19:30,114
Endeavor Air,2022-01-29,1,29,2022,5273,CVG,19,19:25,129
Endeavor Air,2022-01-29,1,29,2022,5282,BUF,17,17:19,93
Endeavor Air,2022-01-29,1,29,2022,5291,SAV,09,09:30,143
Endeavor Air,2022-01-29,1,29,2022,5379,CLT,17,17:00,134
Endeavor Air,2022-01-29,1,29,2022,5412,BNA,08,08:25,157
Endeavor Air,2022-01-29,1,29,2022,5422,ORD,19,19:40,174
Endeavor Air,2022-01-29,1,29,2022,5446,SYR,12,12:30,75
Endeavor Air,2022-01-29,1,29,2022,5447,RDU,13,13:35,109
Endeavor Air,2022-01-29,1,29,2022,5449,BWI,14,14:55,69
Endeavor Air,2022-01-29,1,29,2022,5460,IAD,14,14:55,82
Endeavor Air,2022-01-29,1,29,2022,5470,CLT,08,08:39,136
Endeavor Air,2022-01-29,1,29,2022,5494,RIC,21,21:00,107
American Airlines,2022-01-29,1,29,2022,0001,LAX,07,07:30,394
American Airlines,2022-01-29,1,29,2022,0003,LAX,11,11:30,392
American Airlines,2022-01-29,1,29,2022,0076,SFO,07,07:00,413
American Airlines,2022-01-29,1,29,2022,0117,LAX,19,19:30,394
American Airlines,2022-01-29,1,29,2022,0171,LAX,06,06:00,394
American Airlines,2022-01-29,1,29,2022,0177,SFO,20,20:10,409
American Airlines,2022-01-29,1,29,2022,0185,LAX,21,21:30,389
American Airlines,2022-01-29,1,29,2022,0255,LAX,10,10:00,392
American Airlines,2022-01-29,1,29,2022,0302,LAX,18,18:00,393
American Airlines,2022-01-29,1,29,2022,0306,LAX,16,16:30,394
American Airlines,2022-01-29,1,29,2022,0311,CLT,13,13:49,129
American Airlines,2022-01-29,1,29,2022,0327,CLT,14,14:59,136
American Airlines,2022-01-29,1,29,2022,0341,LAX,15,15:10,397
American Airlines,2022-01-29,1,29,2022,0366,ORD,20,20:30,174
American Airlines,2022-01-29,1,29,2022,0429,SNA,16,16:35,386
American Airlines,2022-01-29,1,29,2022,0495,CLT,09,09:25,132
American Airlines,2022-01-29,1,29,2022,0595,MIA,11,11:00,187
American Airlines,2022-01-29,1,29,2022,0688,MIA,13,13:00,190
American Airlines,2022-01-29,1,29,2022,0830,JAC,11,11:00,317
American Airlines,2022-01-29,1,29,2022,0936,STT,09,09:30,235
American Airlines,2022-01-29,1,29,2022,1032,MIA,09,09:15,185
American Airlines,2022-01-29,1,29,2022,1174,MIA,18,18:15,195
American Airlines,2022-01-29,1,29,2022,1250,BOS,15,15:40,76
American Airlines,2022-01-29,1,29,2022,1274,DFW,18,18:30,255
American Airlines,2022-01-29,1,29,2022,1330,LAS,20,20:40,366
American Airlines,2022-01-29,1,29,2022,1355,CLT,19,19:30,131
American Airlines,2022-01-29,1,29,2022,1479,MIA,14,14:59,197
American Airlines,2022-01-29,1,29,2022,1487,PHX,16,16:25,361
American Airlines,2022-01-29,1,29,2022,1553,EGE,11,11:00,296
American Airlines,2022-01-29,1,29,2022,1609,BOS,22,22:45,74
American Airlines,2022-01-29,1,29,2022,1610,MIA,08,08:00,200
American Airlines,2022-01-29,1,29,2022,1637,BOS,12,12:32,75
American Airlines,2022-01-29,1,29,2022,1875,FLL,06,06:59,192
American Airlines,2022-01-29,1,29,2022,1901,MIA,16,16:29,200
American Airlines,2022-01-29,1,29,2022,2222,BOS,08,08:25,83
American Airlines,2022-01-29,1,29,2022,2234,DFW,08,08:00,268
American Airlines,2022-01-29,1,29,2022,2262,MIA,21,21:25,190
American Airlines,2022-01-29,1,29,2022,2268,MIA,06,06:30,190
American Airlines,2022-01-29,1,29,2022,2305,SFO,17,17:00,410
American Airlines,2022-01-29,1,29,2022,2643,CLT,06,06:00,130
American Airlines,2022-01-29,1,29,2022,2731,CLT,17,17:29,131
American Airlines,2022-01-29,1,29,2022,2772,AUS,17,17:29,264
American Airlines,2022-01-29,1,29,2022,2813,AUS,07,07:59,273
American Airlines,2022-01-29,1,29,2022,2819,ORD,07,07:50,186
American Airlines,2022-01-29,1,29,2022,2829,PHX,12,12:45,361
Alaska Airlines,2022-01-29,1,29,2022,0007,SEA,07,07:30,385
Alaska Airlines,2022-01-29,1,29,2022,0014,SFO,13,13:00,404
Alaska Airlines,2022-01-29,1,29,2022,0027,SFO,09,09:00,401
Alaska Airlines,2022-01-29,1,29,2022,0063,SEA,11,11:30,385
Alaska Airlines,2022-01-29,1,29,2022,0077,SEA,09,09:30,385
Alaska Airlines,2022-01-29,1,29,2022,0178,SAN,09,09:30,362
Alaska Airlines,2022-01-29,1,29,2022,0185,SFO,11,11:30,404
Alaska Airlines,2022-01-29,1,29,2022,0186,PDX,07,07:30,385
Alaska Airlines,2022-01-29,1,29,2022,0221,SEA,16,16:55,392
Alaska Airlines,2022-01-29,1,29,2022,0393,SAN,16,16:55,362
Alaska Airlines,2022-01-29,1,29,2022,0479,PDX,20,20:05,394
Alaska Airlines,2022-01-29,1,29,2022,0657,SFO,18,18:35,415
JetBlue Airways,2022-01-29,1,29,2022,0001,FLL,07,07:30,195
JetBlue Airways,2022-01-29,1,29,2022,0053,PBI,07,07:30,184
JetBlue Airways,2022-01-29,1,29,2022,0063,SEA,09,09:29,392
JetBlue Airways,2022-01-29,1,29,2022,0065,ABQ,20,20:00,309
JetBlue Airways,2022-01-29,1,29,2022,0071,SLC,19,19:30,334
JetBlue Airways,2022-01-29,1,29,2022,0081,RNO,19,19:40,380
JetBlue Airways,2022-01-29,1,29,2022,0083,MCO,11,11:29,184
JetBlue Airways,2022-01-29,1,29,2022,0089,SAN,16,16:50,382
JetBlue Airways,2022-01-29,1,29,2022,0102,BUF,21,21:35,94
JetBlue Airways,2022-01-29,1,29,2022,0105,ORD,20,20:50,169
JetBlue Airways,2022-01-29,1,29,2022,0116,SYR,09,09:25,78
JetBlue Airways,2022-01-29,1,29,2022,0118,BOS,11,11:35,70
JetBlue Airways,2022-01-29,1,29,2022,0125,TPA,11,11:05,190
JetBlue Airways,2022-01-29,1,29,2022,0163,SRQ,08,08:00,195
JetBlue Airways,2022-01-29,1,29,2022,0186,ROC,09,09:15,85
JetBlue Airways,2022-01-29,1,29,2022,0189,SAN,06,06:59,380
JetBlue Airways,2022-01-29,1,29,2022,0201,FLL,08,08:18,202
JetBlue Airways,2022-01-29,1,29,2022,0225,TPA,16,16:30,191
JetBlue Airways,2022-01-29,1,29,2022,0234,BTV,21,21:59,76
JetBlue Airways,2022-01-29,1,29,2022,0263,SEA,19,19:15,394
JetBlue Airways,2022-01-29,1,29,2022,0285,RDU,12,12:20,106
JetBlue Airways,2022-01-29,1,29,2022,0295,AUS,13,13:44,269
JetBlue Airways,2022-01-29,1,29,2022,0341,SAV,15,15:30,148
JetBlue Airways,2022-01-29,1,29,2022,0359,BUR,15,15:59,397
JetBlue Airways,2022-01-29,1,29,2022,0383,MCO,14,14:29,182
JetBlue Airways,2022-01-29,1,29,2022,0385,RDU,20,20:40,113
JetBlue Airways,2022-01-29,1,29,2022,0415,SFO,10,10:15,411
JetBlue Airways,2022-01-29,1,29,2022,0425,TPA,06,06:30,181
JetBlue Airways,2022-01-29,1,29,2022,0453,PBI,15,15:30,189
JetBlue Airways,2022-01-29,1,29,2022,0459,BUR,08,08:45,400
JetBlue Airways,2022-01-29,1,29,2022,0486,ROC,22,22:16,82
JetBlue Airways,2022-01-29,1,29,2022,0503,SJU,08,08:00,236
JetBlue Airways,2022-01-29,1,29,2022,0518,BOS,06,06:59,69
JetBlue Airways,2022-01-29,1,29,2022,0519,ATL,08,08:57,161
JetBlue Airways,2022-01-29,1,29,2022,0575,MSY,14,14:30,218
JetBlue Airways,2022-01-29,1,29,2022,0583,MCO,07,07:30,187
JetBlue Airways,2022-01-29,1,29,2022,0585,RDU,06,06:00,104
JetBlue Airways,2022-01-29,1,29,2022,0586,ROC,17,17:40,83
JetBlue Airways,2022-01-29,1,29,2022,0601,FLL,06,06:00,188
JetBlue Airways,2022-01-29,1,29,2022,0617,MSP,20,20:59,197
JetBlue Airways,2022-01-29,1,29,2022,0629,RSW,21,21:45,194
JetBlue Airways,2022-01-29,1,29,2022,0669,SJC,17,17:59,408
JetBlue Airways,2022-01-29,1,29,2022,0676,ORH,22,22:30,58
JetBlue Airways,2022-01-29,1,29,2022,0677,JAX,07,07:20,160
JetBlue Airways,2022-01-29,1,29,2022,0702,BUF,13,13:25,87
JetBlue Airways,2022-01-29,1,29,2022,0709,DFW,12,12:29,254
JetBlue Airways,2022-01-29,1,29,2022,0718,BOS,14,14:45,72
JetBlue Airways,2022-01-29,1,29,2022,0725,SAT,09,09:45,279
JetBlue Airways,2022-01-29,1,29,2022,0776,ORH,13,13:06,58
JetBlue Airways,2022-01-29,1,29,2022,0795,AUS,06,06:59,258
JetBlue Airways,2022-01-29,1,29,2022,0803,SJU,15,15:10,234
JetBlue Airways,2022-01-29,1,29,2022,0818,BOS,13,13:29,73
JetBlue Airways,2022-01-29,1,29,2022,0839,BQN,22,22:55,219
JetBlue Airways,2022-01-29,1,29,2022,0841,SAV,07,07:30,149
JetBlue Airways,2022-01-29,1,29,2022,0853,PBI,12,12:00,185
JetBlue Airways,2022-01-29,1,29,2022,0871,SLC,08,08:40,327
JetBlue Airways,2022-01-29,1,29,2022,0883,MCO,17,17:29,184
JetBlue Airways,2022-01-29,1,29,2022,0901,FLL,11,11:15,194
JetBlue Airways,2022-01-29,1,29,2022,0915,SFO,16,16:20,413
JetBlue Airways,2022-01-29,1,29,2022,0918,BOS,21,21:50,79
JetBlue Airways,2022-01-29,1,29,2022,0947,BZN,09,09:59,317
JetBlue Airways,2022-01-29,1,29,2022,1003,SJU,21,21:20,233
JetBlue Airways,2022-01-29,1,29,2022,1005,PDX,19,19:42,382
JetBlue Airways,2022-01-29,1,29,2022,1019,DTW,20,20:30,130
JetBlue Airways,2022-01-29,1,29,2022,1040,STT,12,12:20,232
JetBlue Airways,2022-01-29,1,29,2022,1053,PBI,09,09:00,186
JetBlue Airways,2022-01-29,1,29,2022,1073,BNA,10,10:30,162
JetBlue Airways,2022-01-29,1,29,2022,1083,MCO,05,05:30,175
JetBlue Airways,2022-01-29,1,29,2022,1105,ORD,11,11:00,170
JetBlue Airways,2022-01-29,1,29,2022,1118,BOS,16,16:30,76
JetBlue Airways,2022-01-29,1,29,2022,1119,ATL,13,13:26,156
JetBlue Airways,2022-01-29,1,29,2022,1128,BOS,21,21:30,80
JetBlue Airways,2022-01-29,1,29,2022,1160,BOS,15,15:30,76
JetBlue Airways,2022-01-29,1,29,2022,1201,FLL,15,15:59,197
JetBlue Airways,2022-01-29,1,29,2022,1273,CHS,08,08:00,141
JetBlue Airways,2022-01-29,1,29,2022,1318,BOS,22,22:59,76
JetBlue Airways,2022-01-29,1,29,2022,1401,FLL,18,18:45,196
JetBlue Airways,2022-01-29,1,29,2022,1418,BOS,18,18:30,85
JetBlue Airways,2022-01-29,1,29,2022,1438,BOS,08,08:29,77
JetBlue Airways,2022-01-29,1,29,2022,1473,CHS,10,10:59,134
JetBlue Airways,2022-01-29,1,29,2022,1483,MCO,13,13:00,178
JetBlue Airways,2022-01-29,1,29,2022,1515,SFO,21,21:00,408
JetBlue Airways,2022-01-29,1,29,2022,1601,FLL,13,13:51,199
JetBlue Airways,2022-01-29,1,29,2022,1602,BUF,10,10:31,85
JetBlue Airways,2022-01-29,1,29,2022,1603,SJU,05,05:41,227
JetBlue Airways,2022-01-29,1,29,2022,1623,LAX,20,20:29,389
JetBlue Airways,2022-01-29,1,29,2022,1634,BTV,09,09:40,75
JetBlue Airways,2022-01-29,1,29,2022,1677,JAX,14,14:59,162
JetBlue Airways,2022-01-29,1,29,2022,1729,RSW,14,14:30,201
JetBlue Airways,2022-01-29,1,29,2022,1849,PSP,17,17:09,374
JetBlue Airways,2022-01-29,1,29,2022,1881,IAH,11,11:59,257
JetBlue Airways,2022-01-29,1,29,2022,1983,MCO,06,06:29,184
JetBlue Airways,2022-01-29,1,29,2022,1993,MIA,14,14:00,200
JetBlue Airways,2022-01-29,1,29,2022,2029,RSW,09,09:33,203
JetBlue Airways,2022-01-29,1,29,2022,2103,SJU,20,20:04,235
JetBlue Airways,2022-01-29,1,29,2022,2123,LAX,09,09:31,389
JetBlue Airways,2022-01-29,1,29,2022,2155,EYW,07,07:41,218
JetBlue Airways,2022-01-29,1,29,2022,2201,FLL,09,09:59,197
JetBlue Airways,2022-01-29,1,29,2022,2293,MIA,06,06:10,191
JetBlue Airways,2022-01-29,1,29,2022,2473,CHS,13,13:59,137
JetBlue Airways,2022-01-29,1,29,2022,2593,MIA,10,10:30,198
JetBlue Airways,2022-01-29,1,29,2022,2693,MIA,17,17:15,199
JetBlue Airways,2022-01-29,1,29,2022,2802,BUF,08,08:10,89
Delta Air Lines,2022-01-29,1,29,2022,0302,LAX,07,07:00,380
Delta Air Lines,2022-01-29,1,29,2022,0311,SFO,16,16:35,404
Delta Air Lines,2022-01-29,1,29,2022,0314,SFO,20,20:00,408
Delta Air Lines,2022-01-29,1,29,2022,0326,LAX,12,12:20,375
Delta Air Lines,2022-01-29,1,29,2022,0338,SAN,16,16:59,378
Delta Air Lines,2022-01-29,1,29,2022,0353,LAX,19,19:10,394
Delta Air Lines,2022-01-29,1,29,2022,0354,SLC,07,07:00,330
Delta Air Lines,2022-01-29,1,29,2022,0384,SLC,10,10:29,328
Delta Air Lines,2022-01-29,1,29,2022,0424,ATL,06,06:30,155
Delta Air Lines,2022-01-29,1,29,2022,0430,LAS,15,15:59,356
Delta Air Lines,2022-01-29,1,29,2022,0435,ATL,19,19:00,167
Delta Air Lines,2022-01-29,1,29,2022,0442,SFO,11,11:15,395
Delta Air Lines,2022-01-29,1,29,2022,0445,LAS,19,19:29,359
Delta Air Lines,2022-01-29,1,29,2022,0452,SEA,15,15:41,387
Delta Air Lines,2022-01-29,1,29,2022,0460,SEA,18,18:07,382
Delta Air Lines,2022-01-29,1,29,2022,0487,SFO,07,07:00,402
Delta Air Lines,2022-01-29,1,29,2022,0543,LAX,08,08:35,390
Delta Air Lines,2022-01-29,1,29,2022,0563,LAX,15,15:45,382
Delta Air Lines,2022-01-29,1,29,2022,0639,SJU,08,08:10,229
Delta Air Lines,2022-01-29,1,29,2022,0655,AUS,18,18:39,268
Delta Air Lines,2022-01-29,1,29,2022,0659,AUS,08,08:30,276
Delta Air Lines,2022-01-29,1,29,2022,0667,SLC,16,16:44,330
Delta Air Lines,2022-01-29,1,29,2022,0675,BOS,14,14:55,85
Delta Air Lines,2022-01-29,1,29,2022,0795,PHX,07,07:05,345
Delta Air Lines,2022-01-29,1,29,2022,0806,SJU,13,13:00,218
Delta Air Lines,2022-01-29,1,29,2022,0812,MCO,07,07:30,179
Delta Air Lines,2022-01-29,1,29,2022,0829,PHX,18,18:51,358
Delta Air Lines,2022-01-29,1,29,2022,0856,ATL,15,15:59,160
Delta Air Lines,2022-01-29,1,29,2022,0859,ATL,12,12:00,155
Delta Air Lines,2022-01-29,1,29,2022,0863,ATL,08,08:30,162
Delta Air Lines,2022-01-29,1,29,2022,0992,MSP,07,07:59,196
Delta Air Lines,2022-01-29,1,29,2022,1005,DFW,07,07:59,261
Delta Air Lines,2022-01-29,1,29,2022,1036,DFW,18,18:29,254
Delta Air Lines,2022-01-29,1,29,2022,1074,ATL,17,17:30,162
Delta Air Lines,2022-01-29,1,29,2022,1077,DEN,19,19:59,289
Delta Air Lines,2022-01-29,1,29,2022,1104,LAS,08,08:10,360
Delta Air Lines,2022-01-29,1,29,2022,1131,MSP,19,19:50,203
Delta Air Lines,2022-01-29,1,29,2022,1170,DEN,07,07:59,289
Delta Air Lines,2022-01-29,1,29,2022,1272,FLL,08,08:37,199
Delta Air Lines,2022-01-29,1,29,2022,1291,MCO,18,18:29,185
Delta Air Lines,2022-01-29,1,29,2022,1322,FLL,17,17:30,193
Delta Air Lines,2022-01-29,1,29,2022,1377,MSY,07,07:30,218
Delta Air Lines,2022-01-29,1,29,2022,1427,PDX,19,19:25,386
Delta Air Lines,2022-01-29,1,29,2022,1547,STT,08,08:30,241
Delta Air Lines,2022-01-29,1,29,2022,1641,MSY,16,16:05,216
Delta Air Lines,2022-01-29,1,29,2022,1660,MCO,15,15:29,184
Delta Air Lines,2022-01-29,1,29,2022,1859,SJU,18,18:28,236
Delta Air Lines,2022-01-29,1,29,2022,2090,TPA,18,18:15,193
Delta Air Lines,2022-01-29,1,29,2022,2127,FLL,10,10:59,183
Delta Air Lines,2022-01-29,1,29,2022,2219,MIA,07,07:00,189
Delta Air Lines,2022-01-29,1,29,2022,2243,MIA,19,19:50,205
Delta Air Lines,2022-01-29,1,29,2022,2265,RSW,08,08:35,207
Delta Air Lines,2022-01-29,1,29,2022,2335,MCO,11,11:00,177
Delta Air Lines,2022-01-29,1,29,2022,2399,PBI,07,07:30,182
Delta Air Lines,2022-01-29,1,29,2022,2433,TPA,12,12:59,180
Delta Air Lines,2022-01-29,1,29,2022,2469,TPA,07,07:30,185
Delta Air Lines,2022-01-29,1,29,2022,2638,SEA,07,07:15,382
Delta Air Lines,2022-01-29,1,29,2022,2724,MIA,15,15:39,199
Delta Air Lines,2022-01-29,1,29,2022,2776,MIA,11,11:39,190
United Air Lines,2022-01-29,1,29,2022,0515,LAX,08,08:30,390
United Air Lines,2022-01-29,1,29,2022,0517,LAX,18,18:15,390
United Air Lines,2022-01-29,1,29,2022,0521,SFO,08,08:00,392
United Air Lines,2022-01-29,1,29,2022,0523,SFO,16,16:55,392
Republic Airways,2022-01-29,1,29,2022,4503,RDU,14,14:30,111
Republic Airways,2022-01-29,1,29,2022,4518,BNA,10,10:40,160
Republic Airways,2022-01-29,1,29,2022,4520,BNA,19,19:00,163
Republic Airways,2022-01-29,1,29,2022,4522,BWI,17,17:15,75
Republic Airways,2022-01-29,1,29,2022,4525,IND,18,18:29,149
Republic Airways,2022-01-29,1,29,2022,4526,ORF,15,15:40,88
Republic Airways,2022-01-29,1,29,2022,4527,ORF,08,08:46,90
Republic Airways,2022-01-29,1,29,2022,4530,PIT,15,15:45,105
Republic Airways,2022-01-29,1,29,2022,4537,RIC,15,15:39,91
Republic Airways,2022-01-29,1,29,2022,4540,RDU,16,16:45,110
Republic Airways,2022-01-29,1,29,2022,4545,BWI,11,11:40,75
Republic Airways,2022-01-29,1,29,2022,4555,BWI,10,10:40,75
Republic Airways,2022-01-29,1,29,2022,4587,CLE,15,15:15,117
Republic Airways,2022-01-29,1,29,2022,4628,RDU,13,13:00,110
Republic Airways,2022-01-29,1,29,2022,4634,CVG,11,11:15,140
Republic Airways,2022-01-29,1,29,2022,4636,DCA,13,13:26,85
Republic Airways,2022-01-29,1,29,2022,4638,IND,09,09:59,148
Republic Airways,2022-01-29,1,29,2022,4641,DCA,07,07:45,85
Republic Airways,2022-01-29,1,29,2022,4651,BWI,13,13:29,75
Republic Airways,2022-01-29,1,29,2022,4662,BWI,15,15:29,76
Republic Airways,2022-01-29,1,29,2022,4666,CLE,07,07:20,117
Republic Airways,2022-01-29,1,29,2022,4671,RIC,18,18:15,90
Republic Airways,2022-01-29,1,29,2022,4678,CLE,21,21:00,118
Republic Airways,2022-01-29,1,29,2022,4687,ORH,14,14:30,66
Republic Airways,2022-01-29,1,29,2022,4688,CMH,21,21:30,121
Republic Airways,2022-01-29,1,29,2022,4690,PIT,17,17:15,105
Republic Airways,2022-01-29,1,29,2022,4712,RIC,09,09:15,91
Republic Airways,2022-01-29,1,29,2022,4717,DCA,20,20:00,85
Republic Airways,2022-01-29,1,29,2022,4722,DCA,17,17:20,85
Republic Airways,2022-01-29,1,29,2022,4767,CMH,15,15:10,123
Republic Airways,2022-01-29,1,29,2022,4872,CVG,15,15:25,141
Republic Airways,2022-01-29,1,29,2022,4886,PIT,12,12:00,105
Republic Airways,2022-01-29,1,29,2022,4892,CLE,12,12:25,118
Republic Airways,2022-01-29,1,29,2022,4913,ORF,12,12:00,86
Republic Airways,2022-01-29,1,29,2022,4926,RDU,07,07:40,110
Republic Airways,2022-01-29,1,29,2022,4939,BOS,17,17:29,80
Republic Airways,2022-01-29,1,29,2022,5011,PIT,21,21:40,107
Republic Airways,2022-01-29,1,29,2022,5595,PIT,18,18:10,101
Republic Airways,2022-01-29,1,29,2022,5603,BOS,09,09:55,70
Republic Airways,2022-01-29,1,29,2022,5605,SRQ,09,09:59,197
Republic Airways,2022-01-29,1,29,2022,5606,JAX,08,08:10,167
Republic Airways,2022-01-29,1,29,2022,5607,ORD,15,15:30,170
Republic Airways,2022-01-29,1,29,2022,5609,CMH,10,10:29,104
Republic Airways,2022-01-29,1,29,2022,5615,BOS,22,22:30,75
Republic Airways,2022-01-29,1,29,2022,5630,CLT,12,12:00,121
Republic Airways,2022-01-29,1,29,2022,5639,BOS,13,13:30,79
Republic Airways,2022-01-29,1,29,2022,5645,CLT,15,15:25,130
Republic Airways,2022-01-29,1,29,2022,5663,PIT,14,14:55,100
Republic Airways,2022-01-29,1,29,2022,5665,DCA,17,17:49,81
Republic Airways,2022-01-29,1,29,2022,5668,DCA,09,09:20,80
Republic Airways,2022-01-29,1,29,2022,5688,CMH,19,19:35,116
Republic Airways,2022-01-29,1,29,2022,5731,DCA,16,16:00,85
Republic Airways,2022-01-29,1,29,2022,5740,JAX,19,19:25,168
Republic Airways,2022-01-29,1,29,2022,5747,JAX,14,14:55,162
Republic Airways,2022-01-29,1,29,2022,5762,BOS,07,07:30,80
Republic Airways,2022-01-29,1,29,2022,5763,DCA,21,21:42,78
Republic Airways,2022-01-29,1,29,2022,5806,BOS,17,17:39,79
Republic Airways,2022-01-29,1,29,2022,5809,ORD,08,08:30,168
Republic Airways,2022-01-29,1,29,2022,5829,PIT,20,20:35,100
Republic Airways,2022-01-29,1,29,2022,5834,CMH,14,14:55,114
Endeavor Air,2022-01-30,1,30,2022,4629,ORF,09,09:55,87
Endeavor Air,2022-01-30,1,30,2022,4655,PIT,14,14:55,104
Endeavor Air,2022-01-30,1,30,2022,4676,DTW,07,07:10,133
Endeavor Air,2022-01-30,1,30,2022,4716,ORD,11,11:12,169
Endeavor Air,2022-01-30,1,30,2022,4726,ROC,09,09:46,84
Endeavor Air,2022-01-30,1,30,2022,4761,CHS,08,08:30,138
Endeavor Air,2022-01-30,1,30,2022,4801,IND,08,08:50,151
Endeavor Air,2022-01-30,1,30,2022,4829,RDU,16,16:55,113
Endeavor Air,2022-01-30,1,30,2022,4858,DTW,13,13:00,130
Endeavor Air,2022-01-30,1,30,2022,4865,ROC,15,15:08,92
Endeavor Air,2022-01-30,1,30,2022,4872,RIC,14,14:55,99
Endeavor Air,2022-01-30,1,30,2022,4873,RDU,08,08:15,113
Endeavor Air,2022-01-30,1,30,2022,4982,CLE,08,08:59,121
Endeavor Air,2022-01-30,1,30,2022,4997,CLE,13,13:59,119
Endeavor Air,2022-01-30,1,30,2022,5020,RIC,08,08:17,100
Endeavor Air,2022-01-30,1,30,2022,5023,BNA,15,15:10,161
Endeavor Air,2022-01-30,1,30,2022,5053,PIT,08,08:15,103
Endeavor Air,2022-01-30,1,30,2022,5057,BUF,09,09:29,97
Endeavor Air,2022-01-30,1,30,2022,5113,RDU,11,11:42,106
Endeavor Air,2022-01-30,1,30,2022,5199,BWI,08,08:45,80
Endeavor Air,2022-01-30,1,30,2022,5207,ORF,12,12:50,87
Endeavor Air,2022-01-30,1,30,2022,5247,RDU,19,19:20,114
Endeavor Air,2022-01-30,1,30,2022,5282,BUF,17,17:19,93
Endeavor Air,2022-01-30,1,30,2022,5291,SAV,09,09:20,143
Endeavor Air,2022-01-30,1,30,2022,5379,CLT,17,17:00,134
Endeavor Air,2022-01-30,1,30,2022,5412,BNA,08,08:35,157
Endeavor Air,2022-01-30,1,30,2022,5446,SYR,12,12:30,75
Endeavor Air,2022-01-30,1,30,2022,5449,BWI,14,14:55,69
Endeavor Air,2022-01-30,1,30,2022,5460,IAD,14,14:55,82
Endeavor Air,2022-01-30,1,30,2022,5470,CLT,08,08:39,136
American Airlines,2022-01-30,1,30,2022,0001,LAX,07,07:30,394
American Airlines,2022-01-30,1,30,2022,0003,LAX,11,11:30,392
American Airlines,2022-01-30,1,30,2022,0076,SFO,07,07:00,413
American Airlines,2022-01-30,1,30,2022,0171,LAX,06,06:00,394
American Airlines,2022-01-30,1,30,2022,0179,SFO,08,08:59,412
American Airlines,2022-01-30,1,30,2022,0255,LAX,10,10:00,392
American Airlines,2022-01-30,1,30,2022,0306,LAX,16,16:30,394
American Airlines,2022-01-30,1,30,2022,0429,SNA,16,16:35,386
American Airlines,2022-01-30,1,30,2022,0493,CLT,12,12:00,125
American Airlines,2022-01-30,1,30,2022,0495,CLT,09,09:25,132
American Airlines,2022-01-30,1,30,2022,0595,MIA,11,11:00,187
American Airlines,2022-01-30,1,30,2022,0830,JAC,10,10:30,318
American Airlines,2022-01-30,1,30,2022,0936,STT,09,09:25,235
American Airlines,2022-01-30,1,30,2022,1174,MIA,18,18:15,195
American Airlines,2022-01-30,1,30,2022,1228,MIA,09,09:40,193
American Airlines,2022-01-30,1,30,2022,1330,LAS,20,20:40,366
American Airlines,2022-01-30,1,30,2022,1444,CLT,07,07:35,135
American Airlines,2022-01-30,1,30,2022,1553,EGE,11,11:00,296
American Airlines,2022-01-30,1,30,2022,1637,BOS,12,12:32,75
American Airlines,2022-01-30,1,30,2022,1875,FLL,07,07:00,192
American Airlines,2022-01-30,1,30,2022,2222,BOS,08,08:25,83
American Airlines,2022-01-30,1,30,2022,2234,DFW,08,08:00,268
American Airlines,2022-01-30,1,30,2022,2268,MIA,06,06:30,190
American Airlines,2022-01-30,1,30,2022,2369,PHX,06,06:30,365
American Airlines,2022-01-30,1,30,2022,2643,CLT,06,06:00,130
American Airlines,2022-01-30,1,30,2022,2772,AUS,17,17:29,264
American Airlines,2022-01-30,1,30,2022,2813,AUS,08,08:00,273
Alaska Airlines,2022-01-30,1,30,2022,0014,SFO,13,13:00,404
Alaska Airlines,2022-01-30,1,30,2022,0027,SFO,09,09:00,401
Alaska Airlines,2022-01-30,1,30,2022,0063,SEA,11,11:30,385
Alaska Airlines,2022-01-30,1,30,2022,0077,SEA,09,09:30,385
JetBlue Airways,2022-01-30,1,30,2022,0063,SEA,09,09:29,392
JetBlue Airways,2022-01-30,1,30,2022,0065,ABQ,20,20:00,309
JetBlue Airways,2022-01-30,1,30,2022,0071,SLC,19,19:30,334
JetBlue Airways,2022-01-30,1,30,2022,0081,RNO,19,19:40,380
JetBlue Airways,2022-01-30,1,30,2022,0102,BUF,21,21:35,94
JetBlue Airways,2022-01-30,1,30,2022,0105,ORD,21,21:45,160
JetBlue Airways,2022-01-30,1,30,2022,0116,SYR,09,09:25,78
JetBlue Airways,2022-01-30,1,30,2022,0123,LAX,06,06:59,386
JetBlue Airways,2022-01-30,1,30,2022,0135,PHX,17,17:43,348
JetBlue Airways,2022-01-30,1,30,2022,0139,BQN,09,09:59,229
JetBlue Airways,2022-01-30,1,30,2022,0145,CHS,20,20:00,140
JetBlue Airways,2022-01-30,1,30,2022,0186,ROC,09,09:15,85
JetBlue Airways,2022-01-30,1,30,2022,0225,TPA,16,16:30,191
JetBlue Airways,2022-01-30,1,30,2022,0234,BTV,21,21:59,76
JetBlue Airways,2022-01-30,1,30,2022,0263,SEA,19,19:15,394
JetBlue Airways,2022-01-30,1,30,2022,0283,MCO,19,19:30,188
JetBlue Airways,2022-01-30,1,30,2022,0303,SJU,22,22:59,230
JetBlue Airways,2022-01-30,1,30,2022,0359,BUR,15,15:59,397
JetBlue Airways,2022-01-30,1,30,2022,0385,RDU,20,20:40,113
JetBlue Airways,2022-01-30,1,30,2022,0425,TPA,06,06:30,181
JetBlue Airways,2022-01-30,1,30,2022,0486,ROC,22,22:16,82
JetBlue Airways,2022-01-30,1,30,2022,0518,BOS,06,06:59,69
JetBlue Airways,2022-01-30,1,30,2022,0519,ATL,08,08:57,161
JetBlue Airways,2022-01-30,1,30,2022,0553,PBI,21,21:20,178
JetBlue Airways,2022-01-30,1,30,2022,0586,ROC,17,17:40,83
JetBlue Airways,2022-01-30,1,30,2022,0601,FLL,06,06:00,188
JetBlue Airways,2022-01-30,1,30,2022,0623,LAX,17,17:29,387
JetBlue Airways,2022-01-30,1,30,2022,0629,RSW,21,21:45,194
JetBlue Airways,2022-01-30,1,30,2022,0653,PBI,06,06:29,176
JetBlue Airways,2022-01-30,1,30,2022,0669,SJC,17,17:59,408
JetBlue Airways,2022-01-30,1,30,2022,0676,ORH,22,22:30,58
JetBlue Airways,2022-01-30,1,30,2022,0677,JAX,07,07:20,160
JetBlue Airways,2022-01-30,1,30,2022,0711,LAS,19,19:12,369
JetBlue Airways,2022-01-30,1,30,2022,0776,ORH,13,13:06,58
JetBlue Airways,2022-01-30,1,30,2022,0809,DFW,20,20:00,263
JetBlue Airways,2022-01-30,1,30,2022,0853,PBI,12,12:00,185
JetBlue Airways,2022-01-30,1,30,2022,0871,SLC,08,08:40,327
JetBlue Airways,2022-01-30,1,30,2022,0883,MCO,17,17:29,184
JetBlue Airways,2022-01-30,1,30,2022,0915,SFO,16,16:20,413
JetBlue Airways,2022-01-30,1,30,2022,1005,PDX,19,19:42,382
JetBlue Airways,2022-01-30,1,30,2022,1008,BOS,12,12:30,70
JetBlue Airways,2022-01-30,1,30,2022,1019,DTW,20,20:30,130
JetBlue Airways,2022-01-30,1,30,2022,1053,PBI,09,09:00,186
JetBlue Airways,2022-01-30,1,30,2022,1083,MCO,05,05:30,175
JetBlue Airways,2022-01-30,1,30,2022,1118,BOS,16,16:30,76
JetBlue Airways,2022-01-30,1,30,2022,1183,MCO,20,20:39,185
JetBlue Airways,2022-01-30,1,30,2022,1273,CHS,08,08:00,141
JetBlue Airways,2022-01-30,1,30,2022,1277,JAX,20,20:50,164
JetBlue Airways,2022-01-30,1,30,2022,1401,FLL,18,18:45,196
JetBlue Airways,2022-01-30,1,30,2022,1415,SFO,19,19:30,414
JetBlue Airways,2022-01-30,1,30,2022,1418,BOS,18,18:30,85
JetBlue Airways,2022-01-30,1,30,2022,1483,MCO,13,13:00,178
JetBlue Airways,2022-01-30,1,30,2022,1601,FLL,13,13:51,199
JetBlue Airways,2022-01-30,1,30,2022,1603,SJU,05,05:41,227
JetBlue Airways,2022-01-30,1,30,2022,1623,LAX,20,20:29,389
JetBlue Airways,2022-01-30,1,30,2022,1701,FLL,20,20:45,194
JetBlue Airways,2022-01-30,1,30,2022,1719,ATL,18,18:30,164
JetBlue Airways,2022-01-30,1,30,2022,1723,LAX,21,21:30,389
JetBlue Airways,2022-01-30,1,30,2022,1729,RSW,14,14:30,201
JetBlue Airways,2022-01-30,1,30,2022,1853,PBI,17,17:50,183
JetBlue Airways,2022-01-30,1,30,2022,2103,SJU,20,20:04,235
JetBlue Airways,2022-01-30,1,30,2022,2155,EYW,07,07:41,218
JetBlue Airways,2022-01-30,1,30,2022,2193,MIA,20,20:00,201
JetBlue Airways,2022-01-30,1,30,2022,2516,SYR,21,21:59,75
JetBlue Airways,2022-01-30,1,30,2022,2693,MIA,17,17:15,199
JetBlue Airways,2022-01-30,1,30,2022,2893,MIA,21,21:20,197
Delta Air Lines,2022-01-30,1,30,2022,0302,LAX,07,07:00,380
Delta Air Lines,2022-01-30,1,30,2022,0311,SFO,16,16:35,404
Delta Air Lines,2022-01-30,1,30,2022,0313,LAX,17,17:15,386
Delta Air Lines,2022-01-30,1,30,2022,0315,SLC,17,17:59,334
Delta Air Lines,2022-01-30,1,30,2022,0326,LAX,12,12:20,375
Delta Air Lines,2022-01-30,1,30,2022,0350,SAN,08,08:05,385
Delta Air Lines,2022-01-30,1,30,2022,0351,LAX,10,10:29,381
Delta Air Lines,2022-01-30,1,30,2022,0354,SLC,06,06:59,331
Delta Air Lines,2022-01-30,1,30,2022,0384,SLC,10,10:59,330
Delta Air Lines,2022-01-30,1,30,2022,0387,LAS,11,11:20,353
Delta Air Lines,2022-01-30,1,30,2022,0424,ATL,06,06:30,155
Delta Air Lines,2022-01-30,1,30,2022,0427,SEA,11,11:00,375
Delta Air Lines,2022-01-30,1,30,2022,0430,LAS,16,16:00,356
Delta Air Lines,2022-01-30,1,30,2022,0435,ATL,19,19:00,167
Delta Air Lines,2022-01-30,1,30,2022,0439,LAX,13,13:59,386
Delta Air Lines,2022-01-30,1,30,2022,0442,SFO,11,11:15,395
Delta Air Lines,2022-01-30,1,30,2022,0452,SEA,15,15:41,387
Delta Air Lines,2022-01-30,1,30,2022,0460,SEA,18,18:07,382
Delta Air Lines,2022-01-30,1,30,2022,0487,SFO,07,07:00,402
Delta Air Lines,2022-01-30,1,30,2022,0543,LAX,08,08:35,390
Delta Air Lines,2022-01-30,1,30,2022,0639,SJU,08,08:10,229
Delta Air Lines,2022-01-30,1,30,2022,0655,AUS,18,18:39,268
Delta Air Lines,2022-01-30,1,30,2022,0659,AUS,08,08:30,276
Delta Air Lines,2022-01-30,1,30,2022,0795,PHX,07,07:05,345
Delta Air Lines,2022-01-30,1,30,2022,0797,PBI,08,08:15,185
Delta Air Lines,2022-01-30,1,30,2022,0806,SJU,13,13:00,218
Delta Air Lines,2022-01-30,1,30,2022,0812,MCO,07,07:00,180
Delta Air Lines,2022-01-30,1,30,2022,0829,PHX,18,18:51,358
Delta Air Lines,2022-01-30,1,30,2022,0856,ATL,16,16:05,160
Delta Air Lines,2022-01-30,1,30,2022,0863,ATL,08,08:30,162
Delta Air Lines,2022-01-30,1,30,2022,0992,MSP,07,07:59,196
Delta Air Lines,2022-01-30,1,30,2022,1005,DFW,08,08:15,260
Delta Air Lines,2022-01-30,1,30,2022,1077,DEN,19,19:59,289
Delta Air Lines,2022-01-30,1,30,2022,1104,LAS,08,08:10,360
Delta Air Lines,2022-01-30,1,30,2022,1170,DEN,07,07:59,289
Delta Air Lines,2022-01-30,1,30,2022,1175,AUS,13,13:05,259
Delta Air Lines,2022-01-30,1,30,2022,1272,FLL,07,07:05,193
Delta Air Lines,2022-01-30,1,30,2022,1377,MSY,07,07:59,222
Delta Air Lines,2022-01-30,1,30,2022,1547,STT,08,08:30,241
Delta Air Lines,2022-01-30,1,30,2022,1695,FLL,15,15:30,199
Delta Air Lines,2022-01-30,1,30,2022,2090,TPA,18,18:15,193
Delta Air Lines,2022-01-30,1,30,2022,2127,FLL,11,11:40,180
Delta Air Lines,2022-01-30,1,30,2022,2219,MIA,07,07:00,189
Delta Air Lines,2022-01-30,1,30,2022,2265,RSW,08,08:40,207
Delta Air Lines,2022-01-30,1,30,2022,2335,MCO,10,10:58,177
Delta Air Lines,2022-01-30,1,30,2022,2469,TPA,07,07:30,185
Delta Air Lines,2022-01-30,1,30,2022,2638,SEA,07,07:15,382
Delta Air Lines,2022-01-30,1,30,2022,2724,MIA,15,15:30,199
Delta Air Lines,2022-01-30,1,30,2022,2776,MIA,11,11:00,190
United Air Lines,2022-01-30,1,30,2022,0515,LAX,08,08:30,390
United Air Lines,2022-01-30,1,30,2022,0521,SFO,08,08:00,392
Republic Airways,2022-01-30,1,30,2022,4518,BNA,10,10:40,160
Republic Airways,2022-01-30,1,30,2022,4526,ORF,15,15:40,88
Republic Airways,2022-01-30,1,30,2022,4527,ORF,08,08:46,90
Republic Airways,2022-01-30,1,30,2022,4545,BWI,11,11:40,75
Republic Airways,2022-01-30,1,30,2022,4555,BWI,10,10:30,75
Republic Airways,2022-01-30,1,30,2022,4634,CVG,11,11:15,140
Republic Airways,2022-01-30,1,30,2022,4638,IND,09,09:59,148
Republic Airways,2022-01-30,1,30,2022,4641,DCA,07,07:45,85
Republic Airways,2022-01-30,1,30,2022,4666,CLE,07,07:20,117
Republic Airways,2022-01-30,1,30,2022,4712,RIC,09,09:15,91
Republic Airways,2022-01-30,1,30,2022,4886,PIT,11,11:10,105
Republic Airways,2022-01-30,1,30,2022,4892,CLE,12,12:25,118
Republic Airways,2022-01-30,1,30,2022,4913,ORF,12,12:04,86
Republic Airways,2022-01-30,1,30,2022,4926,RDU,07,07:40,110
Republic Airways,2022-01-30,1,30,2022,5603,BOS,09,09:55,70
Republic Airways,2022-01-30,1,30,2022,5606,JAX,08,08:10,167
Republic Airways,2022-01-30,1,30,2022,5607,ORD,15,15:30,170
Republic Airways,2022-01-30,1,30,2022,5609,CMH,10,10:30,104
Republic Airways,2022-01-30,1,30,2022,5619,RDU,13,13:35,107
Republic Airways,2022-01-30,1,30,2022,5630,CLT,12,12:00,121
Republic Airways,2022-01-30,1,30,2022,5639,BOS,12,12:50,76
Republic Airways,2022-01-30,1,30,2022,5645,CLT,14,14:55,128
Republic Airways,2022-01-30,1,30,2022,5668,DCA,09,09:20,80
Republic Airways,2022-01-30,1,30,2022,5687,CMH,16,16:00,111
Republic Airways,2022-01-30,1,30,2022,5747,JAX,14,14:55,162
Republic Airways,2022-01-30,1,30,2022,5762,BOS,07,07:30,80
Republic Airways,2022-01-30,1,30,2022,5806,BOS,17,17:39,79
Republic Airways,2022-01-30,1,30,2022,5809,ORD,08,08:30,168
Endeavor Air,2022-01-31,1,31,2022,4726,ROC,09,09:46,84
Endeavor Air,2022-01-31,1,31,2022,4873,RDU,08,08:15,113
Endeavor Air,2022-01-31,1,31,2022,4982,CLE,08,08:59,121
Endeavor Air,2022-01-31,1,31,2022,4997,CLE,13,13:59,119
Endeavor Air,2022-01-31,1,31,2022,5460,IAD,14,14:55,82
JetBlue Airways,2022-01-31,1,31,2022,0001,FLL,07,07:30,195
JetBlue Airways,2022-01-31,1,31,2022,0015,SFO,08,08:20,413
JetBlue Airways,2022-01-31,1,31,2022,0053,PBI,07,07:30,184
JetBlue Airways,2022-01-31,1,31,2022,0089,SAN,16,16:50,382
JetBlue Airways,2022-01-31,1,31,2022,0135,PHX,17,17:45,348
JetBlue Airways,2022-01-31,1,31,2022,0189,SAN,06,06:59,380
JetBlue Airways,2022-01-31,1,31,2022,0263,SEA,19,19:15,394
JetBlue Airways,2022-01-31,1,31,2022,0283,MCO,19,19:30,188
JetBlue Airways,2022-01-31,1,31,2022,0303,SJU,22,22:59,230
JetBlue Airways,2022-01-31,1,31,2022,0341,SAV,15,15:30,148
JetBlue Airways,2022-01-31,1,31,2022,0359,BUR,15,15:59,397
JetBlue Airways,2022-01-31,1,31,2022,0385,RDU,20,20:40,113
JetBlue Airways,2022-01-31,1,31,2022,0459,BUR,08,08:45,400
JetBlue Airways,2022-01-31,1,31,2022,0518,BOS,06,06:59,69
JetBlue Airways,2022-01-31,1,31,2022,0629,RSW,21,21:45,194
JetBlue Airways,2022-01-31,1,31,2022,0676,ORH,22,22:30,58
JetBlue Airways,2022-01-31,1,31,2022,0723,LAX,08,08:00,391
JetBlue Airways,2022-01-31,1,31,2022,0823,LAX,15,15:35,388
JetBlue Airways,2022-01-31,1,31,2022,1019,DTW,20,20:30,130
JetBlue Airways,2022-01-31,1,31,2022,1053,PBI,09,09:00,186
JetBlue Airways,2022-01-31,1,31,2022,1118,BOS,16,16:30,76
JetBlue Airways,2022-01-31,1,31,2022,1119,ATL,13,13:26,156
JetBlue Airways,2022-01-31,1,31,2022,1277,JAX,20,20:50,164
JetBlue Airways,2022-01-31,1,31,2022,1438,BOS,08,08:30,77
JetBlue Airways,2022-01-31,1,31,2022,1602,BUF,10,10:31,85
JetBlue Airways,2022-01-31,1,31,2022,1634,BTV,09,09:40,75
JetBlue Airways,2022-01-31,1,31,2022,2193,MIA,20,20:00,201
Delta Air Lines,2022-01-31,1,31,2022,1547,STT,08,08:30,241
